event_pk,date,survey,site_id,doc,doc_flag,row_flag,quality_level
3670,2013-04-23,FGS,708 OUTLET,7.355,NA,Results,Technicianm
3669,2013-04-23,FGS,703 OUTLET,4.081,NA,Results,Technicianm
3667,2013-04-23,FGS,844 OUTLET,11.635,NA,Results,Technicianm
3665,2013-04-23,FGS,626 OUTLET,9.306,NA,Results,Technicianm
3668,2013-04-23,FGS,693 OUTLET,6.53,NA,Results,Technicianm
3666,2013-04-23,FGS,819 OUTLET,12.248,NA,Results,Technicianm
3676,2013-05-09,FGS,626 OUTLET,11.06,NA,Results,Technicianm
3675,2013-05-09,FGS,708 OUTLET,8.688,NA,Results,Technicianm
3671,2013-05-09,FGS,819 OUTLET,13.47,NA,Results,Technicianm
3672,2013-05-09,FGS,844 OUTLET,13.032,NA,Results,Technicianm
3673,2013-05-09,FGS,693 OUTLET,7.601,NA,Results,Technicianm
3674,2013-05-09,FGS,703 OUTLET,3.114,NA,Results,Technicianm
3676,2013-05-09,FGS,626 OUTLET,10.532,NA,Results,Technicianm
3684,2013-05-17,FGS,1015 OUTLET,11.111,NA,Results,Technicianm
3682,2013-05-17,FGS,844 OUTLET,16.982,NA,Results,Technicianm
3681,2013-05-17,FGS,693 OUTLET,9.097,NA,Results,Technicianm
3680,2013-05-17,FGS,703 OUTLET,6.389,NA,Results,Technicianm
3678,2013-05-17,FGS,626 OUTLET,13.218,NA,Results,Technicianm
3683,2013-05-17,FGS,819 OUTLET,17.794,NA,Results,Technicianm
3679,2013-05-17,FGS,708 OUTLET,9.513,NA,Results,Technicianm
3688,2013-05-28,FGS,693 OUTLET,8.421,NA,Results,Technicianm
3687,2013-05-28,FGS,703 OUTLET,4.65,NA,Results,Technicianm
3691,2013-05-28,FGS,1015 OUTLET,10.964,NA,Results,Technicianm
3691,2013-05-28,FGS,1015 OUTLET,11.035,NA,Results,Technicianm
3691,2013-05-28,FGS,1015 OUTLET,10.96,NA,Results,Technicianm
3689,2013-05-28,FGS,844 OUTLET,14.392,NA,Results,Technicianm
3691,2013-05-28,FGS,1015 OUTLET,11.079,NA,Results,Technicianm
3685,2013-05-28,FGS,626 OUTLET,11.552,NA,Results,Technicianm
3686,2013-05-28,FGS,708 OUTLET,9.13,NA,Results,Technicianm
3690,2013-05-28,FGS,819 OUTLET,14.641,NA,Results,Technicianm
3698,2013-06-11,FGS,693 OUTLET,8.796,NA,Results,Technicianm
3700,2013-06-11,FGS,819 OUTLET,19.799,NA,Results,Technicianm
3699,2013-06-11,FGS,844 OUTLET,18.24,NA,Results,Technicianm
3697,2013-06-11,FGS,703 OUTLET,7.853,NA,Results,Technicianm
3702,2013-06-11,FGS,1015 OUTLET,12.05,NA,Results,Technicianm
3696,2013-06-11,FGS,708 OUTLET,9.988,NA,Results,Technicianm
3700,2013-06-11,FGS,819 OUTLET,20.111,NA,Results,Technicianm
3695,2013-06-11,FGS,626 OUTLET,14.942,NA,Results,Technicianm
3702,2013-06-11,FGS,1015 OUTLET,12.211,NA,Results,Technicianm
3707,2013-06-25,FGS,844 OUTLET,18.53,NA,Results,Technicianm
3704,2013-06-25,FGS,626 OUTLET,17.05,NA,Results,Technicianm
3705,2013-06-25,FGS,1015 OUTLET,14.71,NA,Results,Technicianm
3709,2013-06-25,FGS,703 OUTLET,9.28,NA,Results,Technicianm
3708,2013-06-25,FGS,693 OUTLET,9.6,NA,Results,Technicianm
3706,2013-06-25,FGS,819 OUTLET,21.77,NA,Results,Technicianm
3709,2013-06-25,FGS,703 OUTLET,9.18,NA,Results,Technicianm
3709,2013-06-25,FGS,703 OUTLET,9.08,NA,Results,Technicianm
3712,2013-06-25,FGS,708 OUTLET,10.44,NA,Results,Technicianm
3719,2013-07-09,FGS,708 OUTLET,10.059,NA,Results,Technicianm
3716,2013-07-09,FGS,844 OUTLET,17.439,NA,Results,Technicianm
3717,2013-07-09,FGS,693 OUTLET,11.276,NA,Results,Technicianm
3718,2013-07-09,FGS,703 OUTLET,7.346,NA,Results,Technicianm
3720,2013-07-09,FGS,626 OUTLET,15.6,NA,Results,Technicianm
3713,2013-07-09,FGS,1015 OUTLET,12.282,NA,Results,Technicianm
3714,2013-07-09,FGS,819 OUTLET,19.345,NA,Results,Technicianm
3714,2013-07-09,FGS,819 OUTLET,19.493,NA,Results,Technicianm
3723,2013-07-23,FGS,693 OUTLET,9.6899523132268,NA,Results,Technicianm
3725,2013-07-23,FGS,844 OUTLET,14.2699740650883,NA,Results,Technicianm
3722,2013-07-23,FGS,703 OUTLET,5.83370283610809,NA,Results,Technicianm
3725,2013-07-23,FGS,844 OUTLET,14.5533757215762,NA,Results,Technicianm
3727,2013-07-23,FGS,1015 OUTLET,11.3410022588472,NA,Results,Technicianm
3724,2013-07-23,FGS,626 OUTLET,12.8039195181126,NA,Results,Technicianm
3728,2013-07-23,FGS,819 OUTLET,16.3331590395717,NA,Results,Technicianm
3721,2013-07-23,FGS,708 OUTLET,11.0259139964862,NA,Results,Technicianm
3725,2013-07-23,FGS,844 OUTLET,14.6328536769012,NA,Results,Technicianm
3736,2013-08-05,FGS,693 OUTLET,8.135,NA,Results,Technicianm
3736,2013-08-05,FGS,693 OUTLET,8.324,NA,Results,Technicianm
3730,2013-08-05,FGS,1015 OUTLET,11.256,NA,Results,Technicianm
3731,2013-08-05,FGS,819 OUTLET,14.782,NA,Results,Technicianm
3732,2013-08-05,FGS,844 OUTLET,13.167,NA,Results,Technicianm
3735,2013-08-05,FGS,703 OUTLET,5.394,NA,Results,Technicianm
3733,2013-08-05,FGS,626 OUTLET,11.138,NA,Results,Technicianm
3734,2013-08-05,FGS,708 OUTLET,11.97,NA,Results,Technicianm
3736,2013-08-05,FGS,693 OUTLET,8.549,NA,Results,Technicianm
3740,2013-08-19,FGS,844 OUTLET,25.491,NA,Results,Technicianm
3739,2013-08-19,FGS,819 OUTLET,26.81,NA,Results,Technicianm
3742,2013-08-19,FGS,626 OUTLET,22.601,NA,Results,Technicianm
3743,2013-08-19,FGS,708 OUTLET,17.556,NA,Results,Technicianm
3741,2013-08-19,FGS,693 OUTLET,10.622,NA,Results,Technicianm
3743,2013-08-19,FGS,708 OUTLET,17.582,NA,Results,Technicianm
3743,2013-08-19,FGS,708 OUTLET,17.574,NA,Results,Technicianm
3747,2013-08-19,FGS,1015 OUTLET,13.299,NA,Results,Technicianm
3746,2013-08-19,FGS,703 OUTLET,14.078,NA,Results,Technicianm
3749,2013-09-02,FGS,844 OUTLET,17.816,NA,Results,Technicianm
3749,2013-09-02,FGS,844 OUTLET,17.338,NA,Results,Technicianm
3748,2013-09-02,FGS,819 OUTLET,18.153,NA,Results,Technicianm
3756,2013-09-02,FGS,1015 OUTLET,12.528,NA,Results,Technicianm
3755,2013-09-02,FGS,703 OUTLET,8.529,NA,Results,Technicianm
3754,2013-09-02,FGS,708 OUTLET,10.386,NA,Results,Technicianm
3753,2013-09-02,FGS,626 OUTLET,18.562,NA,Results,Technicianm
3752,2013-09-02,FGS,693 OUTLET,12.871,NA,Results,Technicianm
3749,2013-09-02,FGS,844 OUTLET,18.09,NA,Results,Technicianm
3759,2013-09-16,FGS,708 OUTLET,6.498,NA,Results,Technicianm
3760,2013-09-16,FGS,693 OUTLET,11.512,NA,Results,Technicianm
3757,2013-09-16,FGS,626 OUTLET,15.097,NA,Results,Technicianm
3764,2013-09-16,FGS,819 OUTLET,16.625,NA,Results,Technicianm
3765,2013-09-16,FGS,1015 OUTLET,12.542,NA,Results,Technicianm
3760,2013-09-16,FGS,693 OUTLET,11.922,NA,Results,Technicianm
3763,2013-09-16,FGS,844 OUTLET,14.956,NA,Results,Technicianm
3760,2013-09-16,FGS,693 OUTLET,12.092,NA,Results,Technicianm
3758,2013-09-16,FGS,703 OUTLET,11.082,NA,Results,Technicianm
3766,2013-09-30,FGS,819 OUTLET,21.05,NA,Results,Technicianm
3772,2013-09-30,FGS,708 OUTLET,12.937,NA,Results,Technicianm
3770,2013-09-30,FGS,693 OUTLET,12.551,NA,Results,Technicianm
3766,2013-09-30,FGS,819 OUTLET,21.369,NA,Results,Technicianm
3774,2013-09-30,FGS,1015 OUTLET,14.205,NA,Results,Technicianm
3766,2013-09-30,FGS,819 OUTLET,21.512,NA,Results,Technicianm
3773,2013-09-30,FGS,626 OUTLET,18.257,NA,Results,Technicianm
3769,2013-09-30,FGS,844 OUTLET,19.601,NA,Results,Technicianm
3771,2013-09-30,FGS,703 OUTLET,12.339,NA,Results,Technicianm
3775,2013-10-16,FGS,1015 OUTLET,13.773,NA,Results,Technicianm
3782,2013-10-16,FGS,703 OUTLET,6.87,NA,Results,Technicianm
3776,2013-10-16,FGS,819 OUTLET,16.695,NA,Results,Technicianm
3783,2013-10-16,FGS,693 OUTLET,11.133,NA,Results,Technicianm
3776,2013-10-16,FGS,819 OUTLET,16.82,NA,Results,Technicianm
3776,2013-10-16,FGS,819 OUTLET,16.868,NA,Results,Technicianm
3779,2013-10-16,FGS,844 OUTLET,16.914,NA,Results,Technicianm
3781,2013-10-16,FGS,708 OUTLET,11.519,NA,Results,Technicianm
3780,2013-10-16,FGS,626 OUTLET,15.131,NA,Results,Technicianm
3784,2013-11-06,FGS,1015 OUTLET,13.662,NA,Results,Technicianm
3785,2013-11-06,FGS,819 OUTLET,14.863,NA,Results,Technicianm
3786,2013-11-06,FGS,844 OUTLET,15.149,NA,Results,Technicianm
3787,2013-11-06,FGS,693 OUTLET,10.513,NA,Results,Technicianm
3788,2013-11-06,FGS,703 OUTLET,8.704,NA,Results,Technicianm
3788,2013-11-06,FGS,703 OUTLET,8.558,NA,Results,Technicianm
3788,2013-11-06,FGS,703 OUTLET,8.383,NA,Results,Technicianm
3791,2013-11-06,FGS,708 OUTLET,11.619,NA,Results,Technicianm
3792,2013-11-06,FGS,626 OUTLET,14.977,NA,Results,Technicianm
3793,2013-11-27,FGS,626 OUTLET,12.07,NA,Results,Technicianm
3794,2013-11-27,FGS,708 OUTLET,12.214,NA,Results,Technicianm
3795,2013-11-27,FGS,703 OUTLET,5.717,NA,Results,Technicianm
3796,2013-11-27,FGS,693 OUTLET,10.007,NA,Results,Technicianm
3797,2013-11-27,FGS,844 OUTLET,13.535,NA,Results,Technicianm
3798,2013-11-27,FGS,819 OUTLET,14.093,NA,Results,Technicianm
3799,2013-11-27,FGS,1015 OUTLET,14.897,NA,Results,Technicianm
3799,2013-11-27,FGS,1015 OUTLET,14.98,NA,Results,Technicianm
3799,2013-11-27,FGS,1015 OUTLET,14.714,NA,Results,Technicianm
3802,2014-01-09,FGS,626 OUTLET,10.356,NA,Results,Technicianm
3803,2014-01-09,FGS,708 OUTLET,11.301,NA,Results,Technicianm
3803,2014-01-09,FGS,708 OUTLET,11.984,NA,Results,Technicianm
3803,2014-01-09,FGS,708 OUTLET,11.984,NA,Results,Technicianm
3806,2014-01-09,FGS,703 OUTLET,8.543,NA,Results,Technicianm
3807,2014-01-09,FGS,693 OUTLET,7.418,NA,Results,Technicianm
3808,2014-01-09,FGS,844 OUTLET,13.99,NA,Results,Technicianm
3809,2014-01-09,FGS,819 OUTLET,13.897,NA,Results,Technicianm
3810,2014-01-29,FGS,693 OUTLET,6.559,NA,Results,Technicianm
3811,2014-01-29,FGS,703 OUTLET,5.691,NA,Results,Technicianm
3812,2014-01-29,FGS,708 OUTLET,9.838,NA,Results,Technicianm
3812,2014-01-29,FGS,708 OUTLET,9.444,NA,Results,Technicianm
3812,2014-01-29,FGS,708 OUTLET,9.577,NA,Results,Technicianm
3815,2014-01-29,FGS,626 OUTLET,8.26,NA,Results,Technicianm
3816,2014-01-29,FGS,844 OUTLET,10.029,NA,Results,Technicianm
3817,2014-01-29,FGS,819 OUTLET,7.197,NA,Results,Technicianm
3818,2014-01-29,FGS,1015 OUTLET,12.77,NA,Results,Technicianm
3819,2014-02-19,FGS,1015 OUTLET,12.267,NA,Results,Technicianm
3820,2014-02-19,FGS,819 OUTLET,10.137,NA,Results,Technicianm
3821,2014-02-19,FGS,844 OUTLET,9.404,NA,Results,Technicianm
3822,2014-02-19,FGS,693 OUTLET,6.492,NA,Results,Technicianm
3823,2014-02-19,FGS,703 OUTLET,5.894,NA,Results,Technicianm
3823,2014-02-19,FGS,703 OUTLET,5.899,NA,Results,Technicianm
3823,2014-02-19,FGS,703 OUTLET,5.817,NA,Results,Technicianm
3826,2014-02-19,FGS,708 OUTLET,9.107,NA,Results,Technicianm
3827,2014-02-19,FGS,626 OUTLET,7.721,NA,Results,Technicianm
3828,2014-03-18,FGS,1015 OUTLET,11.252,NA,Results,Technicianm
3828,2014-03-18,FGS,1015 OUTLET,11.167,NA,Results,Technicianm
3828,2014-03-18,FGS,1015 OUTLET,11.198,NA,Results,Technicianm
3831,2014-03-18,FGS,819 OUTLET,8.222,NA,Results,Technicianm
3832,2014-03-18,FGS,844 OUTLET,7.672,NA,Results,Technicianm
3833,2014-03-18,FGS,693 OUTLET,5.122,NA,Results,Technicianm
3834,2014-03-18,FGS,703 OUTLET,3.808,NA,Results,Technicianm
3835,2014-03-18,FGS,708 OUTLET,8.005,NA,Results,Technicianm
3836,2014-03-18,FGS,626 OUTLET,7.726,NA,Results,Technicianm
3837,2014-03-31,FGS,819 OUTLET,9.521,NA,Results,Technicianm
3838,2014-03-31,FGS,844 OUTLET,9.294,NA,Results,Technicianm
3839,2014-03-31,FGS,708 OUTLET,7.74,NA,Results,Technicianm
3839,2014-03-31,FGS,708 OUTLET,7.689,NA,Results,Technicianm
3839,2014-03-31,FGS,708 OUTLET,7.596,NA,Results,Technicianm
3842,2014-03-31,FGS,626 OUTLET,6.91,NA,Results,Technicianm
3843,2014-03-31,FGS,1015 OUTLET,10.456,NA,Results,Technicianm
3844,2014-03-31,FGS,703 OUTLET,4.506,NA,Results,Technicianm
3845,2014-03-31,FGS,693 OUTLET,4.631,NA,Results,Technicianm
3846,2014-04-06,FGS,1015 OUTLET,10.107,NA,Results,Technicianm
3847,2014-04-06,FGS,819 OUTLET,10.098,NA,Results,Technicianm
3848,2014-04-06,FGS,844 OUTLET,10.305,NA,Results,Technicianm
3849,2014-04-06,FGS,693 OUTLET,5.061,NA,Results,Technicianm
3850,2014-04-06,FGS,703 OUTLET,5.368,NA,Results,Technicianm
3850,2014-04-06,FGS,703 OUTLET,5.261,NA,Results,Technicianm
3850,2014-04-06,FGS,703 OUTLET,5.208,NA,Results,Technicianm
3853,2014-04-06,FGS,708 OUTLET,7.905,NA,Results,Technicianm
3854,2014-04-06,FGS,626 OUTLET,8.124,NA,Results,Technicianm
3855,2014-04-20,FGS,1015 OUTLET,10.713,NA,Results,Technicianm
3856,2014-04-20,FGS,844 OUTLET,11.958,NA,Results,Technicianm
3856,2014-04-20,FGS,844 OUTLET,12.124,NA,Results,Technicianm
3856,2014-04-20,FGS,844 OUTLET,12.219,NA,Results,Technicianm
3859,2014-04-20,FGS,819 OUTLET,12.853,NA,Results,Technicianm
3860,2014-04-20,FGS,708 OUTLET,9.636,NA,Results,Technicianm
3861,2014-04-20,FGS,693 OUTLET,6.399,NA,Results,Technicianm
3862,2014-04-20,FGS,703 OUTLET,6.836,NA,Results,Technicianm
3863,2014-04-20,FGS,626 OUTLET,9.18,NA,Results,Technicianm
3864,2014-04-27,FGS,1015 OUTLET,10.665,NA,Results,Technicianm
3864,2014-04-27,FGS,1015 OUTLET,10.501,NA,Results,Technicianm
3864,2014-04-27,FGS,1015 OUTLET,10.68,NA,Results,Technicianm
3867,2014-04-27,FGS,819 OUTLET,11.952,NA,Results,Technicianm
3868,2014-04-27,FGS,844 OUTLET,11.316,NA,Results,Technicianm
3869,2014-04-27,FGS,626 OUTLET,9.5,NA,Results,Technicianm
3870,2014-04-27,FGS,703 OUTLET,5.282,NA,Results,Technicianm
3871,2014-04-27,FGS,693 OUTLET,6.434,NA,Results,Technicianm
3872,2014-04-27,FGS,708 OUTLET,8.284,NA,Results,Technicianm
3873,2014-05-11,FGS,1015 OUTLET,10.415,NA,Results,Technicianm
3874,2014-05-11,FGS,819 OUTLET,12.502,NA,Results,Technicianm
3875,2014-05-11,FGS,844 OUTLET,12.92,NA,Results,Technicianm
3875,2014-05-11,FGS,844 OUTLET,12.735,NA,Results,Technicianm
3875,2014-05-11,FGS,844 OUTLET,12.761,NA,Results,Technicianm
3878,2014-05-11,FGS,626 OUTLET,10.604,NA,Results,Technicianm
3879,2014-05-11,FGS,708 OUTLET,9.072,NA,Results,Technicianm
3880,2014-05-11,FGS,703 OUTLET,5.337,NA,Results,Technicianm
3881,2014-05-11,FGS,693 OUTLET,6.627,NA,Results,Technicianm
3882,2014-05-18,FGS,1015 OUTLET,9.248,NA,Results,Technicianm
3883,2014-05-18,FGS,819 OUTLET,12.515,NA,Results,Technicianm
3884,2014-05-18,FGS,844 OUTLET,12.261,NA,Results,Technicianm
3885,2014-05-18,FGS,693 OUTLET,6.317,NA,Results,Technicianm
3886,2014-05-18,FGS,703 OUTLET,4.768,NA,Results,Technicianm
3887,2014-05-18,FGS,708 OUTLET,7.899,NA,Results,Technicianm
3887,2014-05-18,FGS,708 OUTLET,7.788,NA,Results,Technicianm
3887,2014-05-18,FGS,708 OUTLET,8.002,NA,Results,Technicianm
3890,2014-05-18,FGS,626 OUTLET,9.901,NA,Results,Technicianm
3891,2014-05-29,FGS,1015 OUTLET,9.31,NA,Results,Technicianm
3892,2014-05-29,FGS,819 OUTLET,14.9,NA,Results,Technicianm
3893,2014-05-29,FGS,703 OUTLET,6.493,NA,Results,Technicianm
3894,2014-05-29,FGS,708 OUTLET,7.539,NA,Results,Technicianm
3895,2014-05-29,FGS,693 OUTLET,7.578,NA,Results,Technicianm
3895,2014-05-29,FGS,693 OUTLET,7.577,NA,Results,Technicianm
3895,2014-05-29,FGS,693 OUTLET,7.698,NA,Results,Technicianm
3898,2014-05-29,FGS,844 OUTLET,13.965,NA,Results,Technicianm
3899,2014-05-29,FGS,626 OUTLET,11.273,NA,Results,Technicianm
3900,2014-06-08,FGS,626 OUTLET,9.844,NA,Results,Technicianm
3901,2014-06-08,FGS,708 OUTLET,7.383,NA,Results,Technicianm
3902,2014-06-08,FGS,703 OUTLET,4.444,NA,Results,Technicianm
3903,2014-06-08,FGS,693 OUTLET,7.01,NA,Results,Technicianm
3903,2014-06-08,FGS,693 OUTLET,7.223,NA,Results,Technicianm
3903,2014-06-08,FGS,693 OUTLET,7.258,NA,Results,Technicianm
3906,2014-06-08,FGS,844 OUTLET,11.049,NA,Results,Technicianm
3907,2014-06-08,FGS,819 OUTLET,11.857,NA,Results,Technicianm
3908,2014-06-08,FGS,1015 OUTLET,9.471,NA,Results,Technicianm
3909,2014-06-18,FGS,1015 OUTLET,9.149,NA,Results,Technicianm
3910,2014-06-18,FGS,626 OUTLET,9.908,NA,Results,Technicianm
3911,2014-06-18,FGS,819 OUTLET,13.632,NA,Results,Technicianm
3912,2014-06-18,FGS,844 OUTLET,13.62,NA,Results,Technicianm
3912,2014-06-18,FGS,844 OUTLET,13.408,NA,Results,Technicianm
3912,2014-06-18,FGS,844 OUTLET,13.54,NA,Results,Technicianm
3915,2014-06-18,FGS,703 OUTLET,5.564,NA,Results,Technicianm
3916,2014-06-18,FGS,693 OUTLET,7.317,NA,Results,Technicianm
3917,2014-06-18,FGS,708 OUTLET,8.982,NA,Results,Technicianm
3918,2014-06-28,FGS,1015 OUTLET,11.033,NA,Results,Technicianm
3919,2014-06-28,FGS,819 OUTLET,20.819,NA,Results,Technicianm
3920,2014-06-28,FGS,844 OUTLET,21.14,NA,Results,Technicianm
3921,2014-06-28,FGS,703 OUTLET,12.218,NA,Results,Technicianm
3922,2014-06-28,FGS,708 OUTLET,10.767,NA,Results,Technicianm
3923,2014-06-28,FGS,693 OUTLET,9.543,NA,Results,Technicianm
3924,2014-06-28,FGS,626 OUTLET,16.57,NA,Results,Technicianm
3924,2014-06-28,FGS,626 OUTLET,16.579,NA,Results,Technicianm
3924,2014-06-28,FGS,626 OUTLET,16.568,NA,Results,Technicianm
3927,2014-07-10,FGS,708 OUTLET,8.251,NA,Results,Technicianm
3928,2014-07-10,FGS,703 OUTLET,5.804,NA,Results,Technicianm
3929,2014-07-10,FGS,693 OUTLET,9.655,NA,Results,Technicianm
3930,2014-07-10,FGS,844 OUTLET,14.882,NA,Results,Technicianm
3931,2014-07-10,FGS,626 OUTLET,12.906,NA,Results,Technicianm
3932,2014-07-10,FGS,1015 OUTLET,10.315,NA,Results,Technicianm
3932,2014-07-10,FGS,1015 OUTLET,10.101,NA,Results,Technicianm
3932,2014-07-10,FGS,1015 OUTLET,10.185,NA,Results,Technicianm
3935,2014-07-10,FGS,819 OUTLET,15.613,NA,Results,Technicianm
3936,2014-07-19,FGS,626 OUTLET,18.595,NA,Results,Technicianm
3937,2014-07-19,FGS,708 OUTLET,18.384,NA,Results,Technicianm
3938,2014-07-19,FGS,703 OUTLET,12.768,NA,Results,Technicianm
3939,2014-07-19,FGS,693 OUTLET,10.342,NA,Results,Technicianm
3940,2014-07-19,FGS,844 OUTLET,20.2,NA,Results,Technicianm
3940,2014-07-19,FGS,844 OUTLET,20.122,NA,Results,Technicianm
3940,2014-07-19,FGS,844 OUTLET,20.098,NA,Results,Technicianm
3943,2014-07-19,FGS,819 OUTLET,21.529,NA,Results,Technicianm
3944,2014-07-19,FGS,1015 OUTLET,11.326,NA,Results,Technicianm
3945,2014-07-31,FGS,1015 OUTLET,11.487,NA,Results,Technicianm
3946,2014-07-31,FGS,819 OUTLET,16.454,NA,Results,Technicianm
3945,2014-07-31,FGS,1015 OUTLET,12.253,NA,Results,Technicianm
3945,2014-07-31,FGS,1015 OUTLET,12.1,NA,Results,Technicianm
3949,2014-07-31,FGS,844 OUTLET,15.709,NA,Results,Technicianm
3950,2014-07-31,FGS,693 OUTLET,10.984,NA,Results,Technicianm
3951,2014-07-31,FGS,703 OUTLET,6.044,NA,Results,Technicianm
3952,2014-07-31,FGS,708 OUTLET,9.329,NA,Results,Technicianm
3953,2014-07-31,FGS,626 OUTLET,14.69,NA,Results,Technicianm
3954,2014-08-08,FGS,1015 OUTLET,11.597,NA,Results,Technicianm
3955,2014-08-08,FGS,819 OUTLET,14.344,NA,Results,Technicianm
3956,2014-08-08,FGS,708 OUTLET,9.427,NA,Results,Technicianm
3957,2014-08-08,FGS,626 OUTLET,12.976,NA,Results,Technicianm
3957,2014-08-08,FGS,626 OUTLET,13.032,NA,Results,Technicianm
3957,2014-08-08,FGS,626 OUTLET,12.971,NA,Results,Technicianm
3960,2014-08-08,FGS,844 OUTLET,13.329,NA,Results,Technicianm
3961,2014-08-08,FGS,693 OUTLET,10.06,NA,Results,Technicianm
3962,2014-08-08,FGS,703 OUTLET,5.099,NA,Results,Technicianm
3963,2014-08-21,FGS,1015 OUTLET,10.73,NA,Results,Technicianm
3964,2014-08-21,FGS,819 OUTLET,12.873,NA,Results,Technicianm
3964,2014-08-21,FGS,819 OUTLET,13.05,NA,Results,Technicianm
3964,2014-08-21,FGS,819 OUTLET,12.771,NA,Results,Technicianm
3967,2014-08-21,FGS,844 OUTLET,12.107,NA,Results,Technicianm
3968,2014-08-21,FGS,626 OUTLET,10.067,NA,Results,Technicianm
3969,2014-08-21,FGS,708 OUTLET,9.6,NA,Results,Technicianm
3970,2014-08-21,FGS,693 OUTLET,8.957,NA,Results,Technicianm
3971,2014-08-21,FGS,703 OUTLET,5.02,NA,Results,Technicianm
3972,2014-08-31,FGS,1015 OUTLET,12.204,NA,Results,Technicianm
3973,2014-08-31,FGS,819 OUTLET,15.999,NA,Results,Technicianm
3974,2014-08-31,FGS,844 OUTLET,15.04,NA,Results,Technicianm
3975,2014-08-31,FGS,693 OUTLET,8.761,NA,Results,Technicianm
3975,2014-08-31,FGS,693 OUTLET,8.655,NA,Results,Technicianm
3975,2014-08-31,FGS,693 OUTLET,8.755,NA,Results,Technicianm
3978,2014-08-31,FGS,703 OUTLET,5.556,NA,Results,Technicianm
3979,2014-08-31,FGS,708 OUTLET,9.51,NA,Results,Technicianm
3980,2014-08-31,FGS,626 OUTLET,11.076,NA,Results,Technicianm
3981,2014-09-10,FGS,1015 OUTLET,9.895,NA,Results,Technicianm
3982,2014-09-10,FGS,819 OUTLET,14.133,NA,Results,Technicianm
3983,2014-09-10,FGS,844 OUTLET,13.613,NA,Results,Technicianm
3984,2014-09-10,FGS,703 OUTLET,5.819,NA,Results,Technicianm
3984,2014-09-10,FGS,703 OUTLET,5.714,NA,Results,Technicianm
3984,2014-09-10,FGS,703 OUTLET,5.746,NA,Results,Technicianm
3987,2014-09-10,FGS,693 OUTLET,9.17,NA,Results,Technicianm
3988,2014-09-10,FGS,708 OUTLET,9.437,NA,Results,Technicianm
3989,2014-09-10,FGS,626 OUTLET,12.27,NA,Results,Technicianm
3990,2014-09-21,FGS,1015 OUTLET,10.212,NA,Results,Technicianm
3991,2014-09-21,FGS,819 OUTLET,13.094,NA,Results,Technicianm
3992,2014-09-21,FGS,844 OUTLET,11.611,NA,Results,Technicianm
3993,2014-09-21,FGS,693 OUTLET,9.268,NA,Results,Technicianm
3994,2014-09-21,FGS,703 OUTLET,5.587,NA,Results,Technicianm
3995,2014-09-21,FGS,626 OUTLET,14,NA,Results,Technicianm
3996,2014-09-21,FGS,708 OUTLET,8.81,NA,Results,Technicianm
3996,2014-09-21,FGS,708 OUTLET,8.913,NA,Results,Technicianm
3996,2014-09-21,FGS,708 OUTLET,8.8,NA,Results,Technicianm
3999,2014-10-15,FGS,1015 OUTLET,13.604,NA,Results,Technicianm
4000,2014-10-15,FGS,626 OUTLET,20.651,NA,Results,Technicianm
4001,2014-10-15,FGS,708 OUTLET,11.836,NA,Results,Technicianm
4001,2014-10-15,FGS,708 OUTLET,11.629,NA,Results,Technicianm
4001,2014-10-15,FGS,708 OUTLET,11.862,NA,Results,Technicianm
4007,2014-10-15,FGS,703 OUTLET,10.749,NA,Results,Technicianm
4004,2014-10-15,FGS,693 OUTLET,13.452,NA,Results,Technicianm
4005,2014-10-15,FGS,844 OUTLET,20.89,NA,Results,Technicianm
4006,2014-10-15,FGS,819 OUTLET,22.476,NA,Results,Technicianm
4008,2014-11-29,FGS,626 OUTLET,10.161,NA,Results,Technicianm
4009,2014-11-29,FGS,703 OUTLET,7.736,NA,Results,Technicianm
4010,2014-11-29,FGS,844 OUTLET,14.723,NA,Results,Technicianm
4011,2014-11-29,FGS,708 OUTLET,13.036,NA,Results,Technicianm
4012,2014-11-29,FGS,1015 OUTLET,16.644,NA,Results,Technicianm
4012,2014-11-29,FGS,1015 OUTLET,16.767,NA,Results,Technicianm
4012,2014-11-29,FGS,1015 OUTLET,16.926,NA,Results,Technicianm
4015,2014-11-29,FGS,693 OUTLET,9.265,NA,Results,Technicianm
4016,2014-11-29,FGS,819 OUTLET,16.27,NA,Results,Technicianm
142,2015-01-22,FGS,703 OUTLET,5.101,NA,Results,Technicianm
144,2015-01-22,FGS,708 OUTLET,9.583,NA,Results,Technicianm
145,2015-01-22,FGS,626 OUTLET,9.261,NA,Results,Technicianm
145,2015-01-22,FGS,626 OUTLET,9.263,NA,Results,Technicianm
145,2015-01-22,FGS,626 OUTLET,9.264,NA,Results,Technicianm
140,2015-01-22,FGS,693 OUTLET,6.242,NA,Results,Technicianm
141,2015-01-22,FGS,844 OUTLET,12.021,NA,Results,Technicianm
143,2015-01-22,FGS,819 OUTLET,12.956,NA,Results,Technicianm
148,2015-01-22,FGS,1015 OUTLET,12.995,NA,Results,Technicianm
253,2015-02-24,FGS,708 OUTLET,8.822,NA,Results,Technicianm
254,2015-02-24,FGS,626 OUTLET,9.787,NA,Results,Technicianm
247,2015-02-24,FGS,693 OUTLET,7.186,NA,Results,Technicianm
248,2015-02-24,FGS,844 OUTLET,12.923,NA,Results,Technicianm
249,2015-02-24,FGS,819 OUTLET,13.603,NA,Results,Technicianm
246,2015-02-24,FGS,1015 OUTLET,12.86,NA,Results,Technicianm
252,2015-02-24,FGS,703 OUTLET,5.394,NA,Results,Technicianm
366,2015-03-11,FGS,693 OUTLET,6.711,NA,Results,Technicianm
367,2015-03-11,FGS,844 OUTLET,14.581,NA,Results,Technicianm
368,2015-03-11,FGS,819 OUTLET,15.202,NA,Results,Technicianm
369,2015-03-11,FGS,1015 OUTLET,13.029,NA,Results,Technicianm
363,2015-03-11,FGS,703 OUTLET,6.281,NA,Results,Technicianm
364,2015-03-11,FGS,708 OUTLET,10.444,NA,Results,Technicianm
365,2015-03-11,FGS,626 OUTLET,11.231,NA,Results,Technicianm
663,2015-04-01,FGS,703 OUTLET,6.381,NA,Results,Technicianm
664,2015-04-01,FGS,708 OUTLET,9.188,NA,Results,Technicianm
669,2015-04-01,FGS,819 OUTLET,12.621,NA,Results,Technicianm
668,2015-04-01,FGS,844 OUTLET,11.743,NA,Results,Technicianm
667,2015-04-01,FGS,626 OUTLET,9.378,NA,Results,Technicianm
662,2015-04-01,FGS,693 OUTLET,7.732,NA,Results,Technicianm
670,2015-04-01,FGS,1015 OUTLET,12.704,NA,Results,Technicianm
1019,2015-04-23,FGS,703 OUTLET,6.513,NA,Results,Technicianm
1013,2015-04-23,FGS,708 OUTLET,8.591,NA,Results,Technicianm
1017,2015-04-23,FGS,819 OUTLET,11.346,NA,Results,Technicianm
1014,2015-04-23,FGS,844 OUTLET,10.274,NA,Results,Technicianm
1018,2015-04-23,FGS,626 OUTLET,7.992,NA,Results,Technicianm
1016,2015-04-23,FGS,693 OUTLET,6.328,NA,Results,Technicianm
1015,2015-04-23,FGS,1015 OUTLET,12.133,NA,Results,Technicianm
1281,2015-05-13,FGS,626 OUTLET,6.829,NA,Results,Technicianm
1282,2015-05-13,FGS,693 OUTLET,5.346,NA,Results,Technicianm
1280,2015-05-13,FGS,844 OUTLET,8.819,NA,Results,Technicianm
1279,2015-05-13,FGS,1015 OUTLET,10.856,NA,Results,Technicianm
1278,2015-05-13,FGS,708 OUTLET,7.737,NA,Results,Technicianm
1277,2015-05-13,FGS,703 OUTLET,4.216,NA,Results,Technicianm
1283,2015-05-13,FGS,819 OUTLET,9.384,NA,Results,Technicianm
4077,2015-06-03,FGS,626 OUTLET,6.427,NA,Results,Technicianm
4078,2015-06-03,FGS,693 OUTLET,4.157,NA,Results,Technicianm
4079,2015-06-03,FGS,703 OUTLET,3.792,NA,Results,Technicianm
4075,2015-06-03,FGS,708 OUTLET,7.731,NA,Results,Technicianm
4071,2015-06-03,FGS,819 OUTLET,9.177,NA,Results,Technicianm
4072,2015-06-03,FGS,844 OUTLET,8.629,NA,Results,Technicianm
4073,2015-06-03,FGS,1015 OUTLET,10.072,NA,Results,Technicianm
1999,2015-06-24,FGS,626 OUTLET,9.54,NA,Results,Technicianm
2000,2015-06-24,FGS,693 OUTLET,4.25,NA,Results,Technicianm
2001,2015-06-24,FGS,703 OUTLET,5.081,NA,Results,Technicianm
2002,2015-06-24,FGS,708 OUTLET,8.631,NA,Results,Technicianm
2003,2015-06-24,FGS,819 OUTLET,10.329,NA,Results,Technicianm
2004,2015-06-24,FGS,844 OUTLET,9.854,NA,Results,Technicianm
2005,2015-06-24,FGS,1015 OUTLET,9.944,NA,Results,Technicianm
2320,2015-07-15,FGS,626 OUTLET,6.938,NA,Results,Technicianm
2322,2015-07-15,FGS,693 OUTLET,3.346,NA,Results,Technicianm
2317,2015-07-15,FGS,703 OUTLET,5.6,NA,Results,Technicianm
2318,2015-07-15,FGS,708 OUTLET,8.509,NA,Results,Technicianm
2319,2015-07-15,FGS,819 OUTLET,11.015,NA,Results,Technicianm
2316,2015-07-15,FGS,844 OUTLET,10.163,NA,Results,Technicianm
2321,2015-07-15,FGS,1015 OUTLET,10.14,NA,Results,Technicianm
2535,2015-08-05,FGS,626 OUTLET,14.904,NA,Results,Technicianm
2536,2015-08-05,FGS,693 OUTLET,4.95,NA,Results,Technicianm
2537,2015-08-05,FGS,703 OUTLET,9.812,NA,Results,Technicianm
2538,2015-08-05,FGS,708 OUTLET,16.191,NA,Results,Technicianm
2539,2015-08-05,FGS,819 OUTLET,22.943,NA,Results,Technicianm
2540,2015-08-05,FGS,844 OUTLET,22.74,NA,Results,Technicianm
2541,2015-08-05,FGS,1015 OUTLET,9.993,NA,Results,Technicianm
2926,2015-08-26,FGS,626 OUTLET,13.088,NA,Results,Technicianm
2927,2015-08-26,FGS,693 OUTLET,6.106,NA,Results,Technicianm
2928,2015-08-26,FGS,703 OUTLET,5.267,NA,Results,Technicianm
2929,2015-08-26,FGS,708 OUTLET,7.435,NA,Results,Technicianm
2930,2015-08-26,FGS,819 OUTLET,12.927,NA,Results,Technicianm
2931,2015-08-26,FGS,844 OUTLET,13.251,NA,Results,Technicianm
2932,2015-08-26,FGS,1015 OUTLET,9.965,NA,Results,Technicianm
3352,2015-09-16,FGS,626 OUTLET,14.483,NA,Results,Technicianm
3353,2015-09-16,FGS,693 OUTLET,11.419,NA,Results,Technicianm
3354,2015-09-16,FGS,703 OUTLET,5.916,NA,Results,Technicianm
3355,2015-09-16,FGS,708 OUTLET,9.836,NA,Results,Technicianm
3356,2015-09-16,FGS,819 OUTLET,16.229,NA,Results,Technicianm
3357,2015-09-16,FGS,844 OUTLET,15.367,NA,Results,Technicianm
3358,2015-09-16,FGS,1015 OUTLET,12.518,NA,Results,Technicianm
7058,2015-10-08,FGS,626 OUTLET,12.313,NA,Results,Technicianm
7060,2015-10-08,FGS,693 OUTLET,11.291,NA,Results,Technicianm
7059,2015-10-08,FGS,703 OUTLET,5.451,NA,Results,Technicianm
7055,2015-10-08,FGS,708 OUTLET,10.332,NA,Results,Technicianm
7057,2015-10-08,FGS,819 OUTLET,14.975,NA,Results,Technicianm
7056,2015-10-08,FGS,844 OUTLET,14.637,NA,Results,Technicianm
7061,2015-10-08,FGS,1015 OUTLET,12.833,NA,Results,Technicianm
16791,2015-10-28,FGS,626 OUTLET,14.85,NA,Results,Technicianm
16792,2015-10-28,FGS,693 OUTLET,14.04,NA,Results,Technicianm
16793,2015-10-28,FGS,703 OUTLET,14.29,NA,Results,Technicianm
16794,2015-10-28,FGS,708 OUTLET,10.85,NA,Results,Technicianm
16796,2015-10-28,FGS,844 OUTLET,6.07,NA,Results,Technicianm
16797,2015-10-28,FGS,1015 OUTLET,11.03,NA,Results,Technicianm
16795,2015-10-28,FGS,819 OUTLET,16.13,NA,Results,Technicianm
16893,2015-12-01,FGS,626 OUTLET,6.817,NA,Results,Technicianm
16894,2015-12-01,FGS,693 OUTLET,7.574,NA,Results,Technicianm
16895,2015-12-01,FGS,703 OUTLET,3.979,NA,Results,Technicianm
16896,2015-12-01,FGS,708 OUTLET,9.664,NA,Results,Technicianm
16897,2015-12-01,FGS,819 OUTLET,9.506,NA,Results,Technicianm
16898,2015-12-01,FGS,844 OUTLET,8.922,NA,Results,Technicianm
16899,2015-12-01,FGS,1015 OUTLET,12.49,NA,Results,Technicianm
30425,2016-01-15,FGS,626 OUTLET,7.16,NA,Results,Technicianm
30426,2016-01-15,FGS,693 OUTLET,5.808,NA,Results,Technicianm
30427,2016-01-15,FGS,703 OUTLET,5.696,NA,Results,Technicianm
30428,2016-01-15,FGS,708 OUTLET,9.163,NA,Results,Technicianm
30429,2016-01-15,FGS,819 OUTLET,12.954,NA,Results,Technicianm
30430,2016-01-15,FGS,844 OUTLET,12.032,NA,Results,Technicianm
30431,2016-01-15,FGS,1015 OUTLET,11.642,NA,Results,Technicianm
50360,2016-02-26,FGS,1015 OUTLET,10.14,NA,Results,Technicianm
50361,2016-02-26,FGS,819 OUTLET,10.088,NA,Results,Technicianm
50362,2016-02-26,FGS,844 OUTLET,9.642,NA,Results,Technicianm
50363,2016-02-26,FGS,708 OUTLET,7.635,NA,Results,Technicianm
50364,2016-02-26,FGS,703 OUTLET,3.518,NA,Results,Technicianm
50365,2016-02-26,FGS,693 OUTLET,5.513,NA,Results,Technicianm
50366,2016-02-26,FGS,626 OUTLET,7.117,NA,Results,Technicianm
65047,2016-03-18,FGS,626 OUTLET,5.813,NA,Results,Technicianm
65048,2016-03-18,FGS,693 OUTLET,4.747,NA,Results,Technicianm
65049,2016-03-18,FGS,703 OUTLET,4.076,NA,Results,Technicianm
65050,2016-03-18,FGS,708 OUTLET,6.297,NA,Results,Technicianm
65051,2016-03-18,FGS,819 OUTLET,9.506,NA,Results,Technicianm
65052,2016-03-18,FGS,844 OUTLET,8.988,NA,Results,Technicianm
65053,2016-03-18,FGS,1015 OUTLET,10.46,NA,Results,Technicianm
68556,2016-04-07,FGS,626 OUTLET,7.616,NA,Results,Technicianm
68557,2016-04-07,FGS,693 OUTLET,5.923,NA,Results,Technicianm
68558,2016-04-07,FGS,703 OUTLET,5.167,NA,Results,Technicianm
68559,2016-04-07,FGS,708 OUTLET,7.268,NA,Results,Technicianm
68560,2016-04-07,FGS,819 OUTLET,11.524,NA,Results,Technicianm
68561,2016-04-07,FGS,844 OUTLET,10.601,NA,Results,Technicianm
68562,2016-04-07,FGS,1015 OUTLET,9.996,NA,Results,Technicianm
83377,2016-04-27,FGS,626 OUTLET,11.245,NA,Results,Technicianm
83378,2016-04-27,FGS,693 OUTLET,6.836,NA,Results,Technicianm
83379,2016-04-27,FGS,703 OUTLET,8.177,NA,Results,Technicianm
83380,2016-04-27,FGS,708 OUTLET,8.266,NA,Results,Technicianm
83381,2016-04-27,FGS,819 OUTLET,13.58,NA,Results,Technicianm
83382,2016-04-27,FGS,844 OUTLET,13.479,NA,Results,Technicianm
83383,2016-04-27,FGS,1015 OUTLET,10.518,NA,Results,Technicianm
120615,2016-05-18,FGS,626 OUTLET,8.522,NA,Results,Technicianm
120616,2016-05-18,FGS,693 OUTLET,6.533,NA,Results,Technicianm
120617,2016-05-18,FGS,703 OUTLET,3.828,NA,Results,Technicianm
120618,2016-05-18,FGS,708 OUTLET,6.924,NA,Results,Technicianm
120619,2016-05-18,FGS,819 OUTLET,11.472,NA,Results,Technicianm
120620,2016-05-18,FGS,844 OUTLET,10.958,NA,Results,Technicianm
120621,2016-05-18,FGS,1015 OUTLET,9.464,NA,Results,Technicianm
133769,2016-06-08,FGS,626 OUTLET,11.092,NA,Results,Technicianm
133770,2016-06-08,FGS,693 OUTLET,6.913,NA,Results,Technicianm
133771,2016-06-08,FGS,703 OUTLET,4.921,NA,Results,Technicianm
133772,2016-06-08,FGS,708 OUTLET,6.978,NA,Results,Technicianm
133773,2016-06-08,FGS,819 OUTLET,12.997,NA,Results,Technicianm
133774,2016-06-08,FGS,844 OUTLET,12.123,NA,Results,Technicianm
133775,2016-06-08,FGS,1015 OUTLET,9.074,NA,Results,Technicianm
137681,2016-06-29,FGS,626 OUTLET,14.148,NA,Results,Technicianm
137682,2016-06-29,FGS,693 OUTLET,9.532,NA,Results,Technicianm
137683,2016-06-29,FGS,703 OUTLET,6.116,NA,Results,Technicianm
137684,2016-06-29,FGS,708 OUTLET,7.825,NA,Results,Technicianm
137685,2016-06-29,FGS,819 OUTLET,16.185,NA,Results,Technicianm
137686,2016-06-29,FGS,844 OUTLET,15.017,NA,Results,Technicianm
137687,2016-06-29,FGS,1015 OUTLET,9.708,NA,Results,Technicianm
146403,2016-07-20,FGS,626 OUTLET,13.742,NA,Results,Technicianm
146404,2016-07-20,FGS,693 OUTLET,11.15,NA,Results,Technicianm
146405,2016-07-20,FGS,703 OUTLET,5.785,NA,Results,Technicianm
146406,2016-07-20,FGS,708 OUTLET,8.735,NA,Results,Technicianm
146407,2016-07-20,FGS,819 OUTLET,16.809,NA,Results,Technicianm
146408,2016-07-20,FGS,844 OUTLET,15.232,NA,Results,Technicianm
146409,2016-07-20,FGS,1015 OUTLET,10.618,NA,Results,Technicianm
354326,2016-07-28,FGS_R,WANNOCK WR01,0.766,AV,Results,Technicianm
155400,2016-08-10,FGS,626 OUTLET,11.586,NA,Results,Technicianm
155401,2016-08-10,FGS,693 OUTLET,9.577,NA,Results,Technicianm
155402,2016-08-10,FGS,703 OUTLET,4.903,NA,Results,Technicianm
155403,2016-08-10,FGS,708 OUTLET,8.9111,NA,Results,Technicianm
155404,2016-08-10,FGS,819 OUTLET,14.34,NA,Results,Technicianm
155405,2016-08-10,FGS,844 OUTLET,12.979,NA,Results,Technicianm
155406,2016-08-10,FGS,1015 OUTLET,9.726,NA,Results,Technicianm
167161,2016-09-02,FGS,626 OUTLET,19.905,NA,Results,Technicianm
167162,2016-09-02,FGS,693 OUTLET,13.173,NA,Results,Technicianm
167163,2016-09-02,FGS,703 OUTLET,12.655,NA,Results,Technicianm
167164,2016-09-02,FGS,708 OUTLET,11.776,NA,Results,Technicianm
167165,2016-09-02,FGS,819 OUTLET,22.655,NA,Results,Technicianm
167166,2016-09-02,FGS,844 OUTLET,21.648,NA,Results,Technicianm
167167,2016-09-02,FGS,1015 OUTLET,14.404,NA,Results,Technicianm
354311,2016-09-09,FGS_R,WANNOCK WR01,0.603,AV,Results,Technicianm
354311,2016-09-09,FGS_R,WANNOCK WR01,0.693,AV,Results,Technicianm
167589,2016-09-21,FGS,626 OUTLET,18.15,NA,Results,Technicianm
167590,2016-09-21,FGS,693 OUTLET,13.165,NA,Results,Technicianm
167591,2016-09-21,FGS,703 OUTLET,8.963,NA,Results,Technicianm
167592,2016-09-21,FGS,708 OUTLET,11.949,NA,Results,Technicianm
167593,2016-09-21,FGS,819 OUTLET,20.197,NA,Results,Technicianm
167594,2016-09-21,FGS,844 OUTLET,19.139,NA,Results,Technicianm
167595,2016-09-21,FGS,1015 OUTLET,14.96,NA,Results,Technicianm
354312,2016-09-29,FGS_R,WANNOCK WR01,0.591,AV,Results,Technicianm
354312,2016-09-29,FGS_R,WANNOCK WR01,0.622,AV,Results,Technicianm
180131,2016-10-20,FGS,626 OUTLET,17.045,NA,Results,Technicianm
180132,2016-10-20,FGS,693 OUTLET,11.555,NA,Results,Technicianm
180133,2016-10-20,FGS,703 OUTLET,10.004,NA,Results,Technicianm
180134,2016-10-20,FGS,708 OUTLET,15.51,NA,Results,Technicianm
180135,2016-10-20,FGS,819 OUTLET,19.82,NA,Results,Technicianm
180136,2016-10-20,FGS,844 OUTLET,18.648,NA,Results,Technicianm
241363,2016-10-23,FGS,1015 OUTLET,14.189,NA,Results,Technicianm
185055,2016-11-22,FGS,693 OUTLET,7.859,NA,Results,Technicianm
185054,2016-11-22,FGS,703 OUTLET,8.012,NA,Results,Technicianm
185058,2016-11-22,FGS,819 OUTLET,14.768,NA,Results,Technicianm
185059,2016-11-22,FGS,844 OUTLET,13.954,NA,Results,Technicianm
185060,2016-11-23,FGS,626 OUTLET,9.934,NA,Results,Technicianm
185061,2016-11-23,FGS,708 OUTLET,11.234,NA,Results,Technicianm
185062,2016-11-23,FGS,1015 OUTLET,14.365,NA,Results,Technicianm
239070,2017-01-20,FGS,626 OUTLET,5.622,NA,Results,Technicianm
239071,2017-01-20,FGS,693 OUTLET,4.468,NA,Results,Technicianm
239072,2017-01-20,FGS,703 OUTLET,4.967,NA,Results,Technicianm
239073,2017-01-20,FGS,708 OUTLET,6.313,NA,Results,Technicianm
239074,2017-01-20,FGS,819 OUTLET,8.905,NA,Results,Technicianm
239075,2017-01-20,FGS,844 OUTLET,8.036,NA,Results,Technicianm
239076,2017-01-20,FGS,1015 OUTLET,9.543,NA,Results,Technicianm
251322,2017-02-24,FGS,693 OUTLET,4.763,NA,Results,Technicianm
251323,2017-02-24,FGS,703 OUTLET,4.656,NA,Results,Technicianm
251324,2017-02-24,FGS,708 OUTLET,6.773,NA,Results,Technicianm
251326,2017-02-24,FGS,844 OUTLET,9.196,NA,Results,Technicianm
251327,2017-02-24,FGS,1015 OUTLET,9.174,NA,Results,Technicianm
354195,2017-02-25,FGS,819 OUTLET,9.023,NA,Results,Technicianm
254331,2017-03-15,FGS,626 OUTLET,5.533,NA,Results,Technicianm
254333,2017-03-15,FGS,703 OUTLET,5.094,NA,Results,Technicianm
254334,2017-03-15,FGS,708 OUTLET,6.503,NA,Results,Technicianm
254335,2017-03-15,FGS,819 OUTLET,8.524,NA,Results,Technicianm
254336,2017-03-15,FGS,844 OUTLET,7.514,NA,Results,Technicianm
254337,2017-03-15,FGS,1015 OUTLET,8.87,NA,Results,Technicianm
354313,2017-03-18,FGS_R,WANNOCK WR01,1.187,NA,Results,Technicianm
353520,2017-03-19,FGS,693 OUTLET,4.53,NA,Results,Technicianm
354314,2017-04-10,FGS_R,WANNOCK WR01,NA,NA,Not Available,Technicianm
354314,2017-04-10,FGS_R,WANNOCK WR01,NA,NA,Not Available,Technicianm
255290,2017-04-12,FGS,703 OUTLET,3.744,NA,Results,Technicianm
255289,2017-04-12,FGS,693 OUTLET,4.704,NA,Results,Technicianm
255288,2017-04-12,FGS,626 OUTLET,7.416,NA,Results,Technicianm
255291,2017-04-12,FGS,708 OUTLET,6.207,NA,Results,Technicianm
255292,2017-04-12,FGS,819 OUTLET,10.267,NA,Results,Technicianm
255293,2017-04-12,FGS,844 OUTLET,9.734,NA,Results,Technicianm
255294,2017-04-12,FGS,1015 OUTLET,8.595,NA,Results,Technicianm
354316,2017-05-01,FGS_R,WANNOCK WR01,2.802,NA,Results,Technicianm
354316,2017-05-01,FGS_R,WANNOCK WR01,2.633,NA,Results,Technicianm
280616,2017-05-07,FGS,626 OUTLET,8.746,NA,Results,Technicianm
280617,2017-05-07,FGS,693 OUTLET,6.326,NA,Results,Technicianm
280618,2017-05-07,FGS,703 OUTLET,5.542,NA,Results,Technicianm
280619,2017-05-07,FGS,708 OUTLET,7.126,NA,Results,Technicianm
280620,2017-05-07,FGS,819 OUTLET,11.517,NA,Results,Technicianm
280621,2017-05-07,FGS,844 OUTLET,10.815,NA,Results,Technicianm
280622,2017-05-07,FGS,1015 OUTLET,8.849,NA,Results,Technicianm
293724,2017-05-20,FGS_Y,KOEYE KR01,3.437,NA,Results,Technicianm
354318,2017-05-22,FGS_R,WANNOCK WR01,1.437,NA,Results,Technicianm
354318,2017-05-22,FGS_R,WANNOCK WR01,1.365,NA,Results,Technicianm
301473,2017-05-24,FGS,626 OUTLET,11.122,AV,Results,Technicianm
301474,2017-05-24,FGS,693 OUTLET,6.963,AV,Results,Technicianm
301475,2017-05-24,FGS,703 OUTLET,6.513,AV,Results,Technicianm
301476,2017-05-24,FGS,708 OUTLET,10.006,AV,Results,Technicianm
301477,2017-05-24,FGS,819 OUTLET,14.823,AV,Results,Technicianm
301478,2017-05-24,FGS,844 OUTLET,14.32,AV,Results,Technicianm
301479,2017-05-24,FGS,1015 OUTLET,10.163,AV,Results,Technicianm
295034,2017-05-30,FGS_B,DREW DREW1,11.119,NA,Results,Technicianm
295034,2017-05-30,FGS_B,DREW DREW1,11.797,NA,Results,Technicianm
295034,2017-05-30,FGS_B,DREW DREW1,12.242,NA,Results,Technicianm
295035,2017-05-30,FGS_B,DREW FTLTANK,13.191,SVC,Results,Technicianm
295035,2017-05-30,FGS_B,DREW FTLTANK,13.342,SVC,Results,Technicianm
295035,2017-05-30,FGS_B,DREW FTLTANK,13.42,SVC,Results,Technicianm
306016,2017-06-01,FGS_B,DREW DREW1,13.492,SVC,Results,Technicianm
306016,2017-06-01,FGS_B,DREW DREW1,13.627,SVC,Results,Technicianm
306016,2017-06-01,FGS_B,DREW DREW1,13.424,SVC,Results,Technicianm
294434,2017-06-01,FGS_Y,KOEYE KR01,5.185,NA,Results,Technicianm
310997,2017-06-08,FGS_B,HOMATHKO HOMA1,0.59,SVC,Results,Principal Investigator
300521,2017-06-11,FGS_R,WANNOCK WR01,1.928,SVC,Results,Technicianm
300521,2017-06-11,FGS_R,WANNOCK WR01,1.73,SVC,Results,Technicianm
301492,2017-06-14,FGS,626 OUTLET,10.326,NA,Results,Technicianm
301493,2017-06-14,FGS,693 OUTLET,7.841,NA,Results,Technicianm
301494,2017-06-14,FGS,703 OUTLET,5.049,NA,Results,Technicianm
301495,2017-06-14,FGS,708 OUTLET,7.704,NA,Results,Technicianm
301496,2017-06-14,FGS,819 OUTLET,12.812,NA,Results,Technicianm
301497,2017-06-14,FGS,844 OUTLET,11.983,NA,Results,Technicianm
301498,2017-06-14,FGS,1015 OUTLET,9.118,NA,Results,Technicianm
310998,2017-06-20,FGS_B,HOMATHKO HOMA1,0.345,SVC,Results,Principal Investigator
306203,2017-06-26,FGS_Y,KOEYE KR01,4.108,NA,Results,Technicianm
354320,2017-07-03,FGS_R,WANNOCK WR01,1.32,NA,Results,Technicianm
309242,2017-07-05,FGS,626 OUTLET,11.613,NA,Results,Technicianm
309243,2017-07-05,FGS,693 OUTLET,7.8,NA,Results,Technicianm
309244,2017-07-05,FGS,703 OUTLET,5.835,NA,Results,Technicianm
309245,2017-07-05,FGS,708 OUTLET,8.94,NA,Results,Technicianm
309246,2017-07-05,FGS,819 OUTLET,14.062,NA,Results,Technicianm
309247,2017-07-05,FGS,844 OUTLET,13.633,NA,Results,Technicianm
309248,2017-07-05,FGS,1015 OUTLET,9.088,NA,Results,Technicianm
311708,2017-07-14,FGS_Y,KOEYE KR01,3.434,NA,Results,Technicianm
312445,2017-07-21,FGS_B,HYACINTHE HYAC1,1.592,NA,Results,Technicianm
354321,2017-07-23,FGS_R,WANNOCK WR01,NA,NA,Not Available,Technicianm
313696,2017-07-30,FGS,626 OUTLET,10.27,NA,Results,Technicianm
313694,2017-07-30,FGS,693 OUTLET,6.787,NA,Results,Technicianm
313698,2017-07-30,FGS,703 OUTLET,6.205,NA,Results,Technicianm
313693,2017-07-30,FGS,708 OUTLET,6.648,NA,Results,Technicianm
313697,2017-07-30,FGS,819 OUTLET,10.388,NA,Results,Technicianm
313695,2017-07-30,FGS,844 OUTLET,9.479,NA,Results,Technicianm
313699,2017-07-30,FGS,1015 OUTLET,7.532,NA,Results,Technicianm
320831,2017-08-08,FGS_Y,KOEYE KR01,3.292,NA,Results,Technicianm
326010,2017-08-10,FGS_R,WANNOCK WR01,0.954,NA,Results,Technicianm
317991,2017-08-16,FGS,626 OUTLET,15.765,NA,Results,Technicianm
317992,2017-08-16,FGS,693 OUTLET,8.484,NA,Results,Technicianm
317993,2017-08-16,FGS,703 OUTLET,6.518,NA,Results,Technicianm
317994,2017-08-16,FGS,708 OUTLET,8.386,NA,Results,Technicianm
317995,2017-08-16,FGS,819 OUTLET,14.901,NA,Results,Technicianm
317996,2017-08-16,FGS,844 OUTLET,14.49,NA,Results,Technicianm
317997,2017-08-16,FGS,1015 OUTLET,9.31,NA,Results,Technicianm
320911,2017-08-24,FGS_B,HOMATHKO HOMA1,0.103,AV,Results,Principal Investigator
320912,2017-08-24,FGS_B,CAMPCREEK WATERINTAKE,0.022,NA,Results,Technicianm
320913,2017-08-26,FGS_B,HYACINTHE HYAC1,1.746,NA,Results,Technicianm
320914,2017-08-26,FGS_B,DREW DREW1,6.206,SVC,Results,Technicianm
325553,2017-08-30,FGS_Y,KOEYE KR01,4.177,NA,Results,Technicianm
336999,2017-09-07,FGS_R,WANNOCK WR01,0.607,NA,Results,Technicianm
337000,2017-09-09,FGS,626 OUTLET,18.387,NA,Results,Technicianm
337001,2017-09-09,FGS,693 OUTLET,10.888,NA,Results,Technicianm
337002,2017-09-09,FGS,703 OUTLET,7.279,NA,Results,Technicianm
337003,2017-09-09,FGS,708 OUTLET,9.051,NA,Results,Technicianm
337004,2017-09-09,FGS,819 OUTLET,17.525,NA,Results,Technicianm
337005,2017-09-09,FGS,844 OUTLET,15.898,NA,Results,Technicianm
337006,2017-09-09,FGS,1015 OUTLET,10.184,NA,Results,Technicianm
342129,2017-09-20,FGS_Y,KOEYE KR01,5.538,NA,Results,Technicianm
354325,2017-09-29,FGS_R,WANNOCK WR01,1.006,NA,Results,Technicianm
345806,2017-09-30,FGS,626 OUTLET,17.061,NA,Results,Technicianm
345807,2017-09-30,FGS,693 OUTLET,11.528,NA,Results,Technicianm
345808,2017-09-30,FGS,703 OUTLET,8.752,NA,Results,Technicianm
345809,2017-09-30,FGS,708 OUTLET,12.667,NA,Results,Technicianm
345810,2017-09-30,FGS,819 OUTLET,19.704,NA,Results,Technicianm
345811,2017-09-30,FGS,844 OUTLET,18.964,NA,Results,Technicianm
345812,2017-09-30,FGS,1015 OUTLET,12.637,NA,Results,Technicianm
348354,2017-10-04,FGS_B,SOUTHGATE SGTE1,0.158,AV,Results,Principal Investigator
348364,2017-10-04,FGS_B,MELLERSH MELR1,0.268,NA,Results,Technicianm
348352,2017-10-04,FGS_B,SOUTHGATE SGTE2,0.162,AV,Results,Principal Investigator
348358,2017-10-04,FGS_B,HOMATHKO HOMA1,0.19,AV,Results,Principal Investigator
348359,2017-10-04,FGS_B,BEAR BEAR1,0.181,NA,Results,Technicianm
348360,2017-10-04,FGS_B,PARADISE PDSE1,0.893,NA,Results,Technicianm
3752424,2017-10-05,FGS_B,HOMATHKO HOMA2,0.189,AV,Results,Principal Investigator
348351,2017-10-05,FGS_B,HOMATHKO HOMA3,0.215,AV,Results,Principal Investigator
348356,2017-10-05,FGS_B,HOMATHKO HOMA1,0.234,AV,Results,Principal Investigator
348355,2017-10-05,FGS_B,HOMATHKO HOMA3,0.158,AV,Results,Principal Investigator
3783068,2017-10-05,FGS_B,HOMATHKO HOMA2,0.171,AV,Results,Principal Investigator
348361,2017-10-05,FGS_B,CAMPCREEK WATERINTAKE,0.149,NA,Results,Technicianm
348357,2017-10-06,FGS_B,DREW DREW1,5.362,NA,Results,Technicianm
348362,2017-10-06,FGS_B,HYACINTHE HYAC1,1.968,NA,Results,Technicianm
348962,2017-10-11,FGS_Y,KOEYE KR01,5.017,NA,Results,Technicianm
354759,2017-10-14,FGS_R,WANNOCK WR01,NA,NA,Submited,Technicianm
350675,2017-10-15,FGS,626 OUTLET,NA,NA,Submited,Technicianm
350677,2017-10-15,FGS,693 OUTLET,NA,NA,Submited,Technicianm
350676,2017-10-15,FGS,703 OUTLET,NA,NA,Submited,Technicianm
350678,2017-10-15,FGS,708 OUTLET,NA,NA,Submited,Technicianm
350679,2017-10-15,FGS,819 OUTLET,NA,NA,Submited,Technicianm
350681,2017-10-15,FGS,844 OUTLET,NA,NA,Submited,Technicianm
350680,2017-10-15,FGS,1015 OUTLET,NA,NA,Submited,Technicianm
353493,2017-11-09,FGS_B,HOMATHKO HOMA1,1.363,SVC,Submitted,Principal Investigator
353496,2017-11-09,FGS_B,HOMATHKO HOMA3,1.074,AV,Submitted,Principal Investigator
353490,2017-11-09,FGS_B,CAMPCREEK WATERINTAKE,0.929,NA,Submitted,Technicianm
353494,2017-11-09,FGS_B,HOMATHKO HOMA3,1.501,AV,Submitted,Principal Investigator
353491,2017-11-09,FGS_B,HOMATHKO HOMA1,1.14,SVC,Submitted,Principal Investigator
353495,2017-11-09,FGS_B,HOMATHKO HOMA3,1.048,AV,Submitted,Principal Investigator
353492,2017-11-09,FGS_B,HOMATHKO HOMA1,1.156,SVC,Submitted,Principal Investigator
353497,2017-11-14,FGS_B,HYACINTHE HYAC1,3.536,NA,Submitted,Technicianm
369464,2017-12-02,FGS,626 OUTLET,4.407,NA,Results,Technicianm
369465,2017-12-02,FGS,693 OUTLET,5.476,NA,Results,Technicianm
369466,2017-12-02,FGS,703 OUTLET,5.621,NA,Results,Technicianm
369468,2017-12-02,FGS,819 OUTLET,8.8683,NA,Results,Technicianm
369469,2017-12-02,FGS,844 OUTLET,8.096,NA,Results,Technicianm
369470,2017-12-02,FGS,1015 OUTLET,14.801,NA,Results,Technicianm
360861,2017-12-02,FGS_Y,KOEYE KR01,3.148,NA,Results,Technicianm
369467,2017-12-07,FGS,708 OUTLET,10.128,NA,Results,Technicianm
364876,2018-01-11,FGS_Y,KOEYE KR01,4.499,NA,Results,Technicianm
364910,2018-01-13,FGS,626 OUTLET,10.982,NA,Results,Technicianm
364911,2018-01-13,FGS,693 OUTLET,0.565,NA,Results,Technicianm
364912,2018-01-13,FGS,703 OUTLET,6.824,NA,Results,Technicianm
364913,2018-01-13,FGS,708 OUTLET,23.179,NA,Results,Technicianm
364914,2018-01-13,FGS,819 OUTLET,7.428,NA,Results,Technicianm
364915,2018-01-13,FGS,844 OUTLET,13.461,NA,Results,Technicianm
364916,2018-01-13,FGS,1015 OUTLET,9.533,NA,Results,Technicianm
366675,2018-01-26,FGS_B,HOMATHKO HOMA1,1.464,NA,Results,Technicianm
366674,2018-01-26,FGS_B,CAMPCREEK WATERINTAKE,1.177,NA,Results,Technicianm
366677,2018-01-26,FGS_B,HOMATHKO HOMA1,1.284,NA,Results,Technicianm
366676,2018-01-26,FGS_B,HOMATHKO HOMA1,1.31,NA,Results,Technicianm
366678,2018-01-29,FGS_B,HYACINTHE HYAC1,0.181,NA,Results,Technicianm
369430,2018-02-17,FGS,626 OUTLET,6.509,NA,Results,Technicianm
369431,2018-02-17,FGS,693 OUTLET,4.636,NA,Results,Technicianm
369432,2018-02-17,FGS,703 OUTLET,5.729,NA,Results,Technicianm
369433,2018-02-17,FGS,708 OUTLET,6.503,NA,Results,Technicianm
369434,2018-02-17,FGS,819 OUTLET,9.717,NA,Results,Technicianm
369435,2018-02-17,FGS,844 OUTLET,9.252,NA,Results,Technicianm
369436,2018-02-17,FGS,1015 OUTLET,9.96,NA,Results,Technicianm
369569,2018-02-25,FGS_R,WANNOCK WR01,1.663,NA,Results,Technicianm
371424,2018-02-26,FGS_Y,KOEYE KR01,3.961,NA,Results,Technicianm
474964,2018-03-09,FGS_B,HOMATHKO HOMA1,0.528,SVC,Results,Technicianm
474965,2018-03-09,FGS_B,HOMATHKO HOMA1,0.559,NA,Results,Technicianm
474963,2018-03-09,FGS_B,HOMATHKO HOMA1,1.763,SVC,Results,Technicianm
474962,2018-03-09,FGS_B,CAMPCREEK WATERINTAKE,0.592,NA,Results,Technicianm
373390,2018-03-14,FGS_B,HYACINTHE HYAC1,0.582,NA,Results,Technicianm
374066,2018-03-24,FGS_Y,KOEYE KR01,3.728,NA,Results,Technicianm
374695,2018-03-25,FGS,626 OUTLET,7.061,NA,Results,Technicianm
374696,2018-03-25,FGS,693 OUTLET,4.692,NA,Results,Technicianm
374697,2018-03-25,FGS,703 OUTLET,8.131,NA,Results,Technicianm
374698,2018-03-25,FGS,708 OUTLET,7.535,NA,Results,Technicianm
374699,2018-03-25,FGS,819 OUTLET,10.438,NA,Results,Technicianm
374700,2018-03-25,FGS,844 OUTLET,10.578,NA,Results,Technicianm
374701,2018-03-25,FGS,1015 OUTLET,10.447,NA,Results,Technicianm
375148,2018-04-01,FGS_R,WANNOCK WR01,1.478,NA,Results,Technicianm
377590,2018-04-14,FGS_Y,KOEYE KR01,3.939,NA,Results,Technicianm
379232,2018-04-23,FGS,626 OUTLET,7.447,NA,Results,Technicianm
379233,2018-04-23,FGS,693 OUTLET,4.998,NA,Results,Technicianm
379234,2018-04-23,FGS,703 OUTLET,3.574,NA,Results,Technicianm
379235,2018-04-23,FGS,708 OUTLET,6.6,NA,Results,Technicianm
379236,2018-04-23,FGS,819 OUTLET,10.749,NA,Results,Technicianm
379237,2018-04-23,FGS,844 OUTLET,10.115,NA,Results,Technicianm
379238,2018-04-23,FGS,1015 OUTLET,9.452,NA,Results,Technicianm
420087,2018-04-26,FGS_R,WANNOCK WR01,1.12,NA,Results,Technicianm
387764,2018-05-15,FGS_Y,KOEYE KR01,2.643,NA,Results,Technicianm
405305,2018-05-28,FGS,626 OUTLET,11.158,NA,Results,Technicianm
405306,2018-05-28,FGS,693 OUTLET,5.001,NA,Results,Technicianm
405307,2018-05-28,FGS,703 OUTLET,8.858,NA,Results,Technicianm
405308,2018-05-28,FGS,708 OUTLET,12.586,NA,Results,Technicianm
405309,2018-05-28,FGS,819 OUTLET,15.476,NA,Results,Technicianm
405310,2018-05-28,FGS,844 OUTLET,15.485,NA,Results,Technicianm
405311,2018-05-28,FGS,1015 OUTLET,10.13,NA,Results,Technicianm
406223,2018-05-31,FGS_R,WANNOCK WR01,0.995,NA,Results,Technicianm
408154,2018-06-13,FGS_Y,KOEYE KR01,3.647,NA,Results,Technicianm
410780,2018-06-17,FGS,626 OUTLET,12.109,NA,Results,Technicianm
410781,2018-06-17,FGS,693 OUTLET,8.022,NA,Results,Technicianm
410782,2018-06-17,FGS,703 OUTLET,5.056,NA,Results,Technicianm
410783,2018-06-17,FGS,708 OUTLET,7.199,NA,Results,Technicianm
410784,2018-06-17,FGS,819 OUTLET,13.765,NA,Results,Technicianm
410785,2018-06-17,FGS,844 OUTLET,13.433,NA,Results,Technicianm
410786,2018-06-17,FGS,1015 OUTLET,8.753,NA,Results,Technicianm
417999,2018-07-17,FGS,626 OUTLET,12.152,NA,Results,Technicianm
418000,2018-07-17,FGS,693 OUTLET,8.978,NA,Results,Technicianm
418001,2018-07-17,FGS,703 OUTLET,5.022,NA,Results,Technicianm
418002,2018-07-17,FGS,708 OUTLET,7.303,NA,Results,Technicianm
418003,2018-07-17,FGS,819 OUTLET,17.311,NA,Results,Technicianm
418004,2018-07-17,FGS,844 OUTLET,13.51,NA,Results,Technicianm
418005,2018-07-17,FGS,1015 OUTLET,10.567,NA,Results,Technicianm
422058,2018-08-09,FGS_Y,KOEYE KR01,3.247,NA,Results,Technicianm
427434,2018-08-26,FGS,626 OUTLET,10.229,NA,Results,Technicianm
427437,2018-08-26,FGS,693 OUTLET,7.591,SVC,Results,Technicianm
427438,2018-08-26,FGS,703 OUTLET,4.9,NA,Results,Technicianm
427439,2018-08-26,FGS,708 OUTLET,9.438,NA,Results,Technicianm
427440,2018-08-26,FGS,819 OUTLET,11.933,NA,Results,Technicianm
427441,2018-08-26,FGS,844 OUTLET,11.323,NA,Results,Technicianm
427442,2018-08-26,FGS,1015 OUTLET,11.624,NA,Results,Technicianm
428256,2018-09-05,FGS_Y,KOEYE KR01,3.589,NA,Results,Technicianm
432204,2018-09-19,FGS,626 OUTLET,19.21,NA,Results,Technicianm
432205,2018-09-19,FGS,693 OUTLET,11.12,NA,Results,Technicianm
432206,2018-09-19,FGS,703 OUTLET,9.9,NA,Results,Technicianm
432207,2018-09-19,FGS,708 OUTLET,14.6,NA,Results,Technicianm
432208,2018-09-19,FGS,819 OUTLET,20.68,NA,Results,Technicianm
432209,2018-09-19,FGS,844 OUTLET,19.14,NA,Results,Technicianm
432210,2018-09-19,FGS,1015 OUTLET,12.93,NA,Results,Technicianm
435760,2018-10-14,FGS_Y,KOEYE KR01,4.05,NA,Results,Technicianm
439641,2018-10-26,FGS,693 OUTLET,9.909,NA,Results,Technicianm
439642,2018-10-26,FGS,703 OUTLET,13.676,NA,Results,Technicianm
439643,2018-10-26,FGS,708 OUTLET,16.835,NA,Results,Technicianm
439644,2018-10-26,FGS,819 OUTLET,21.582,NA,Results,Technicianm
439645,2018-10-26,FGS,844 OUTLET,21.19,NA,Results,Technicianm
439646,2018-10-26,FGS,1015 OUTLET,15.2,NA,Results,Technicianm
439649,2018-10-27,FGS,626 OUTLET,16.929,NA,Results,Technicianm
445429,2018-11-14,FGS_Y,KOEYE KR01,5.414,NA,Results,Technicianm
447382,2018-11-20,FGS,626 OUTLET,12.0339441871575,NA,Results,Technicianm
447383,2018-11-20,FGS,693 OUTLET,9.09826298119667,NA,Results,Technicianm
447384,2018-11-20,FGS,703 OUTLET,5.52961159251052,NA,Results,Technicianm
447385,2018-11-20,FGS,708 OUTLET,9.78842606722488,NA,Results,Technicianm
447381,2018-11-20,FGS,819 OUTLET,13.7031542350615,NA,Results,Technicianm
447386,2018-11-20,FGS,844 OUTLET,12.8075744104885,NA,Results,Technicianm
447387,2018-11-20,FGS,1015 OUTLET,12.4906912246712,NA,Results,Technicianm
458853,2019-01-22,FGS,626 OUTLET,18.311,NA,Results,Technicianr
458855,2019-01-22,FGS,693 OUTLET,16.113,NA,Results,Technicianr
458854,2019-01-22,FGS,703 OUTLET,19.691,NA,Results,Technicianr
458856,2019-01-22,FGS,708 OUTLET,7.746,NA,Results,Technicianr
458857,2019-01-22,FGS,819 OUTLET,9.328,NA,Results,Technicianr
458858,2019-01-22,FGS,844 OUTLET,11.496,NA,Results,Technicianr
458852,2019-01-22,FGS,1015 OUTLET,5.147,NA,Results,Technicianr
472414,2019-02-17,FGS,626 OUTLET,NA,NA,Not Available,Technicianm
472416,2019-02-17,FGS,693 OUTLET,5.168,NA,Results,Technicianm
472419,2019-02-17,FGS,844 OUTLET,7.669,NA,Results,Technicianm
472420,2019-02-17,FGS,1015 OUTLET,11.211,NA,Results,Technicianm
472415,2019-02-17,"FGS,FGS_R",703 OUTLET,3.274,NA,Results,Technicianm
472418,2019-02-17,"FGS,FGS_R",819 OUTLET,8.414,NA,Results,Technicianm
472417,2019-02-17,"FGS_R,FGS",708 OUTLET,6.99,NA,Results,Technicianm
473842,2019-02-21,FGS_Y,KOEYE KR01,3.4,NA,Results,Technicianm
511127,2019-03-14,FGS,693 OUTLET,4.797,NA,Results,Technicianm
511128,2019-03-14,FGS,703 OUTLET,5.492,NA,Results,Technicianm
511129,2019-03-14,FGS,708 OUTLET,6.428,NA,Results,Technicianm
511130,2019-03-14,FGS,819 OUTLET,6.693,NA,Results,Technicianm
511131,2019-03-14,FGS,844 OUTLET,6.414,NA,Results,Technicianm
511132,2019-03-14,FGS,1015 OUTLET,9.173,NA,Results,Technicianm
511133,2019-03-16,FGS,626 OUTLET,5.846,NA,Results,Technicianm
507980,2019-04-17,FGS,626 OUTLET,7.543,NA,Results,Technicianm
507981,2019-04-17,FGS,693 OUTLET,5.33,NA,Results,Technicianm
507982,2019-04-17,FGS,703 OUTLET,5.24,NA,Results,Technicianm
507983,2019-04-17,FGS,708 OUTLET,7.34,NA,Results,Technicianm
507984,2019-04-17,FGS,819 OUTLET,9.167,NA,Results,Technicianm
507985,2019-04-17,FGS,844 OUTLET,8.652,NA,Results,Technicianm
507988,2019-04-17,FGS,1015 OUTLET,8.435,NA,Results,Technicianm
510924,2019-05-02,FGS_Y,KOEYE KR01,2.907,NA,Results,Technicianm
511431,2019-05-12,FGS,626 OUTLET,6.391,NA,Results,Technicianm
511432,2019-05-12,FGS,693 OUTLET,4.692,NA,Results,Technicianm
511433,2019-05-12,FGS,703 OUTLET,2.747,NA,Results,Technicianm
511434,2019-05-12,FGS,708 OUTLET,10.063,NA,Results,Technicianm
511437,2019-05-12,FGS,819 OUTLET,7.031,NA,Results,Technicianm
511438,2019-05-12,FGS,844 OUTLET,6.242,NA,Results,Technicianm
511439,2019-05-12,FGS,1015 OUTLET,7.963,NA,Results,Technicianm
521408,2019-06-12,FGS,626 OUTLET,10.888,NA,Results,Technicianm
521409,2019-06-12,FGS,693 OUTLET,4.67,NA,Results,Technicianm
521410,2019-06-12,FGS,703 OUTLET,4.476,NA,Results,Technicianm
521411,2019-06-12,FGS,708 OUTLET,5.874,NA,Results,Technicianm
521412,2019-06-12,FGS,819 OUTLET,10.417,NA,Results,Technicianm
521413,2019-06-12,FGS,844 OUTLET,11.763,NA,Results,Technicianm
521414,2019-06-12,FGS,1015 OUTLET,7.974,NA,Results,Technicianm
524376,2019-07-09,FGS,626 OUTLET,8.553,NA,Results,Technicianm
524377,2019-07-09,FGS,708 OUTLET,5.643,NA,Results,Technicianm
524373,2019-07-09,FGS,819 OUTLET,9.211,NA,Results,Technicianm
524374,2019-07-09,FGS,703 OUTLET,4.048,NA,Results,Technicianm
524372,2019-07-09,FGS,844 OUTLET,8.416,NA,Results,Technicianm
524371,2019-07-09,FGS,693 OUTLET,4.71,NA,Results,Technicianm
524375,2019-07-09,FGS,1015 OUTLET,7.351,NA,Results,Technicianm
1058524,2019-08-04,FGS,626 OUTLET,12.213,NA,Results,Technicianm
1058523,2019-08-04,FGS,693 OUTLET,8.215,NA,Results,Technicianm
1058522,2019-08-04,FGS,703 OUTLET,5.452,NA,Results,Technicianm
1058521,2019-08-04,FGS,708 OUTLET,6.64,NA,Results,Technicianm
1058520,2019-08-04,FGS,819 OUTLET,12.297,NA,Results,Technicianm
1058519,2019-08-04,FGS,844 OUTLET,12.171,NA,Results,Technicianm
1058512,2019-08-04,FGS,1015 OUTLET,8.165,NA,Results,Technicianm
1599664,2019-09-03,FGS,626 OUTLET,11.344,NA,Results,Technicianm
1599667,2019-09-03,FGS,693 OUTLET,8.424,NA,Results,Technicianm
1599668,2019-09-03,FGS,703 OUTLET,6.306,NA,Results,Technicianm
1599666,2019-09-03,FGS,708 OUTLET,9.136,NA,Results,Technicianm
1599663,2019-09-03,FGS,819 OUTLET,15.567,NA,Results,Technicianm
1599665,2019-09-03,FGS,844 OUTLET,14.449,NA,Results,Technicianm
1599669,2019-09-03,FGS,1015 OUTLET,7.714,NA,Results,Technicianm
