event_pk,date,survey,site_id,delta_o18,delta_o18_flag,delta_h2,delta_h2_flag,row_flag,quality_level
142,2015-01-22,FGS,703 OUTLET,-11.37,NA,-81.03,NA,Results,Technicianm
144,2015-01-22,FGS,708 OUTLET,-9.49,NA,-70.88,NA,Results,Technicianm
145,2015-01-22,FGS,626 OUTLET,-10.88,NA,-79.93,NA,Results,Technicianm
145,2015-01-22,FGS,626 OUTLET,-10.69,NA,-78.61,NA,Results,Technicianm
145,2015-01-22,FGS,626 OUTLET,-10.57,NA,-78.22,NA,Results,Technicianm
140,2015-01-22,FGS,693 OUTLET,-10.84,NA,-77.01,NA,Results,Technicianm
141,2015-01-22,FGS,844 OUTLET,-11.15,NA,-79.89,NA,Results,Technicianm
143,2015-01-22,FGS,819 OUTLET,-10.97,NA,-79.19,NA,Results,Technicianm
148,2015-01-22,FGS,1015 OUTLET,-9.23,NA,-65.8,NA,Results,Technicianm
252,2015-02-24,FGS,703 OUTLET,-8.83,NA,-67.84,NA,Results,Technicianm
253,2015-02-24,FGS,708 OUTLET,-4.83,NA,-57.72,NA,Results,Technicianm
254,2015-02-24,FGS,626 OUTLET,-8.41,NA,-60.24,NA,Results,Technicianm
247,2015-02-24,FGS,693 OUTLET,-9.08,NA,-69.94,NA,Results,Technicianm
248,2015-02-24,FGS,844 OUTLET,-8.3,NA,-65.69,NA,Results,Technicianm
249,2015-02-24,FGS,819 OUTLET,-9.07,NA,-66.86,NA,Results,Technicianm
246,2015-02-24,FGS,1015 OUTLET,-8.55,NA,-64.8,NA,Results,Technicianm
249,2015-02-24,FGS,819 OUTLET,-8.62,NA,-65.67,NA,Results,Technicianm
249,2015-02-24,FGS,819 OUTLET,-6.44,NA,-60.53,NA,Results,Technicianm
365,2015-03-11,FGS,626 OUTLET,NA,NA,NA,NA,Not Available,Technicianm
366,2015-03-11,FGS,693 OUTLET,-9.85,NA,-72.96,NA,Results,Technicianm
367,2015-03-11,FGS,844 OUTLET,-9.67,NA,-69.87,NA,Results,Technicianm
368,2015-03-11,FGS,819 OUTLET,-9.38,NA,-67.98,NA,Results,Technicianm
369,2015-03-11,FGS,1015 OUTLET,-9.14,NA,-66.8,NA,Results,Technicianm
363,2015-03-11,FGS,703 OUTLET,-9.26,NA,-65.91,NA,Results,Technicianm
364,2015-03-11,FGS,708 OUTLET,-8.95,NA,-66.06,NA,Results,Technicianm
667,2015-04-01,FGS,626 OUTLET,-8.91,NA,-64.53,NA,Results,Technicianm
662,2015-04-01,FGS,693 OUTLET,-9.8,NA,-71.14,NA,Results,Technicianm
663,2015-04-01,FGS,703 OUTLET,-9.78,NA,-69.13,NA,Results,Technicianm
664,2015-04-01,FGS,708 OUTLET,-9.2,NA,-67.31,NA,Results,Technicianm
669,2015-04-01,FGS,819 OUTLET,-9.57,NA,-67.76,NA,Results,Technicianm
668,2015-04-01,FGS,844 OUTLET,-9.82,NA,-69.86,NA,Results,Technicianm
670,2015-04-01,FGS,1015 OUTLET,-9.5,NA,-68.31,NA,Results,Technicianm
1018,2015-04-23,FGS,626 OUTLET,-9.22,NA,-64.07,NA,Results,Technicianm
1027,2015-04-24,FGS,626 OUTLET,-8.64,NA,-62.04,NA,Results,Technicianm
1028,2015-04-24,FGS,693 OUTLET,-10.16,NA,-71.66,NA,Results,Technicianm
1029,2015-04-24,FGS,703 OUTLET,-9.39,NA,-64.93,NA,Results,Technicianm
1031,2015-04-24,FGS,819 OUTLET,-9.13,NA,-64.22,NA,Results,Technicianm
1032,2015-04-24,FGS,844 OUTLET,-9.41,NA,-65.65,NA,Results,Technicianm
1033,2015-04-24,FGS,1015 OUTLET,-9.44,NA,-67.89,NA,Results,Technicianm
1030,2015-04-24,FGS,708 OUTLET,-9.25,NA,-67.7,NA,Results,Technicianm
1281,2015-05-13,FGS,626 OUTLET,-7.27,NA,-54.51,NA,Results,Technicianm
1282,2015-05-13,FGS,693 OUTLET,-8.85,NA,-62.89,NA,Results,Technicianm
1280,2015-05-13,FGS,844 OUTLET,-8.49,NA,-60.74,NA,Results,Technicianm
1279,2015-05-13,FGS,1015 OUTLET,-8.42,NA,-62.35,NA,Results,Technicianm
1278,2015-05-13,FGS,708 OUTLET,-8.35,NA,-61.84,NA,Results,Technicianm
1277,2015-05-13,FGS,703 OUTLET,-8.79,NA,-62.11,NA,Results,Technicianm
1283,2015-05-13,FGS,819 OUTLET,-8.11,NA,-58.28,NA,Results,Technicianm
4077,2015-06-03,FGS,626 OUTLET,-6.1,NA,-48.6,NA,Results,Technicianm
4078,2015-06-03,FGS,693 OUTLET,-8.2,NA,-59.3,NA,Results,Technicianm
4079,2015-06-03,FGS,703 OUTLET,-8.8,NA,-62.6,NA,Results,Technicianm
4075,2015-06-03,FGS,708 OUTLET,-7.4,NA,-56.4,NA,Results,Technicianm
4071,2015-06-03,FGS,819 OUTLET,-7.6,NA,-56.1,NA,Results,Technicianm
4072,2015-06-03,FGS,844 OUTLET,-8.1,NA,-58.9,NA,Results,Technicianm
4073,2015-06-03,FGS,1015 OUTLET,-7.6,NA,-57.6,NA,Results,Technicianm
1999,2015-06-24,FGS,626 OUTLET,-5.1,NA,-45.7,NA,Results,Technicianm
2000,2015-06-24,FGS,693 OUTLET,-7.9,NA,-58.1,NA,Results,Technicianm
2001,2015-06-24,FGS,703 OUTLET,-8.1,NA,-58.5,NA,Results,Technicianm
2002,2015-06-24,FGS,708 OUTLET,-6.9,NA,-53.7,NA,Results,Technicianm
2003,2015-06-24,FGS,819 OUTLET,-7.4,NA,-54.6,NA,Results,Technicianm
2004,2015-06-24,FGS,844 OUTLET,-8.3,NA,-59.1,NA,Results,Technicianm
2005,2015-06-24,FGS,1015 OUTLET,-6.9,NA,-54.1,NA,Results,Technicianm
2320,2015-07-15,FGS,626 OUTLET,-7.4,NA,-56.1,NA,Results,Technicianm
2322,2015-07-15,FGS,693 OUTLET,-5.1,NA,-46.3,NA,Results,Technicianm
2317,2015-07-15,FGS,703 OUTLET,-8.1,NA,-57.6,NA,Results,Technicianm
2318,2015-07-15,FGS,708 OUTLET,-5.5,NA,-48.2,NA,Results,Technicianm
2319,2015-07-15,FGS,819 OUTLET,-7.1,NA,-54.2,NA,Results,Technicianm
2316,2015-07-15,FGS,844 OUTLET,-6.1,NA,-54.4,NA,Results,Technicianm
2321,2015-07-15,FGS,1015 OUTLET,-6.2,NA,-51,NA,Results,Technicianm
2535,2015-08-05,FGS,626 OUTLET,-6.1,NA,-49.2,NA,Results,Technicianm
2536,2015-08-05,FGS,693 OUTLET,-7.5,NA,-56.9,NA,Results,Technicianm
2537,2015-08-05,FGS,703 OUTLET,-8.4,NA,-60,NA,Results,Technicianm
2538,2015-08-05,FGS,708 OUTLET,-7.6,NA,-58.7,NA,Results,Technicianm
2539,2015-08-05,FGS,819 OUTLET,-8.2,NA,-59.3,NA,Results,Technicianm
2540,2015-08-05,FGS,844 OUTLET,-8.6,NA,-61.1,NA,Results,Technicianm
2541,2015-08-05,FGS,1015 OUTLET,-7,NA,-56.8,NA,Results,Technicianm
2926,2015-08-26,FGS,626 OUTLET,-5.99,NA,-48.45,NA,Results,Technicianm
2927,2015-08-26,FGS,693 OUTLET,-7.11,NA,-53.5,NA,Results,Technicianm
2928,2015-08-26,FGS,703 OUTLET,-8.58,NA,-61.68,NA,Results,Technicianm
2929,2015-08-26,FGS,708 OUTLET,-6.34,NA,-51.49,NA,Results,Technicianm
2930,2015-08-26,FGS,819 OUTLET,-7.68,NA,-55.41,NA,Results,Technicianm
2931,2015-08-26,FGS,844 OUTLET,-8.17,NA,-59.18,NA,Results,Technicianm
2932,2015-08-26,FGS,1015 OUTLET,-6.7,NA,-52.86,NA,Results,Technicianm
3352,2015-09-16,FGS,626 OUTLET,-7.89,NA,-60.59,NA,Results,Technicianm
3353,2015-09-16,FGS,693 OUTLET,-8.92,NA,-65.03,NA,Results,Technicianm
3354,2015-09-16,FGS,703 OUTLET,-8.89,NA,-63.36,NA,Results,Technicianm
3355,2015-09-16,FGS,708 OUTLET,-7.36,NA,-58.11,NA,Results,Technicianm
3356,2015-09-16,FGS,819 OUTLET,-8.62,NA,-62.41,NA,Results,Technicianm
3357,2015-09-16,FGS,844 OUTLET,-8.91,NA,-63.93,NA,Results,Technicianm
3358,2015-09-16,FGS,1015 OUTLET,-7.57,NA,-59.79,NA,Results,Technicianm
7058,2015-10-08,FGS,626 OUTLET,-8.28,NA,-58.92,NA,Results,Technicianm
7060,2015-10-08,FGS,693 OUTLET,-8.91,NA,-61.84,NA,Results,Technicianm
7059,2015-10-08,FGS,703 OUTLET,-8.94,NA,-62.9,NA,Results,Technicianm
7055,2015-10-08,FGS,708 OUTLET,-7.93,NA,-58.33,NA,Results,Technicianm
7057,2015-10-08,FGS,819 OUTLET,-9.26,NA,-65.15,NA,Results,Technicianm
7056,2015-10-08,FGS,844 OUTLET,-9.38,NA,-64.36,NA,Results,Technicianm
7061,2015-10-08,FGS,1015 OUTLET,-8.14,NA,-59.99,NA,Results,Technicianm
16791,2015-10-28,FGS,626 OUTLET,-7.8,NA,-52.98,NA,Results,Technicianm
16792,2015-10-28,FGS,693 OUTLET,-8.62,NA,-58.48,NA,Results,Technicianm
16793,2015-10-28,FGS,703 OUTLET,-8.62,NA,-59.81,NA,Results,Technicianm
16794,2015-10-28,FGS,708 OUTLET,-7.81,NA,-56.66,NA,Results,Technicianm
16795,2015-10-28,FGS,819 OUTLET,-8.73,NA,-59.23,NA,Results,Technicianm
16796,2015-10-28,FGS,844 OUTLET,-8.7,NA,-59.53,NA,Results,Technicianm
16797,2015-10-28,FGS,1015 OUTLET,-8.26,NA,-58.11,NA,Results,Technicianm
16893,2015-12-01,FGS,626 OUTLET,-9.82,NA,-68.18,NA,Results,Technicianm
16894,2015-12-01,FGS,693 OUTLET,-8.51,NA,-62.07,NA,Results,Technicianm
16895,2015-12-01,FGS,703 OUTLET,-9.32,NA,-65.42,NA,Results,Technicianm
16896,2015-12-01,FGS,708 OUTLET,-6.35,NA,-54.18,NA,Results,Technicianm
16897,2015-12-01,FGS,819 OUTLET,-8.79,NA,-61.02,NA,Results,Technicianm
16898,2015-12-01,FGS,844 OUTLET,-9.14,NA,-63.04,NA,Results,Technicianm
16899,2015-12-01,FGS,1015 OUTLET,-7.4,NA,-56.35,NA,Results,Technicianm
30425,2016-01-15,FGS,626 OUTLET,-10.82,NA,-80.83,NA,Results,Technicianm
30426,2016-01-15,FGS,693 OUTLET,-4.63,NA,-68.01,NA,Results,Technicianm
30427,2016-01-15,FGS,703 OUTLET,-11.32,NA,-80.91,NA,Results,Technicianm
30428,2016-01-15,FGS,708 OUTLET,-10.94,NA,-78.37,NA,Results,Technicianm
30429,2016-01-15,FGS,819 OUTLET,-10.99,NA,-79.12,NA,Results,Technicianm
30430,2016-01-15,FGS,844 OUTLET,-7.76,NA,-71.71,NA,Results,Technicianm
30431,2016-01-15,FGS,1015 OUTLET,-9.66,NA,-69.64,NA,Results,Technicianm
50360,2016-02-26,FGS,1015 OUTLET,-10.07,NA,-73.55,NA,Results,Technicianm
50361,2016-02-26,FGS,819 OUTLET,-10.18,NA,-74.16,NA,Results,Technicianm
50362,2016-02-26,FGS,844 OUTLET,-10.48,NA,-75.66,NA,Results,Technicianm
50363,2016-02-26,FGS,708 OUTLET,-10.28,NA,-76.8,NA,Results,Technicianm
50364,2016-02-26,FGS,703 OUTLET,-10.45,NA,-74.05,NA,Results,Technicianm
50365,2016-02-26,FGS,693 OUTLET,-11.53,NA,-83.91,NA,Results,Technicianm
50366,2016-02-26,FGS,626 OUTLET,-9.58,NA,-69.97,NA,Results,Technicianm
65047,2016-03-18,FGS,626 OUTLET,-11.19,NA,-82.87,NA,Results,Technicianm
65048,2016-03-18,FGS,693 OUTLET,-9.93,NA,-81.1,NA,Results,Technicianm
65049,2016-03-18,FGS,703 OUTLET,0.15,SVD,-56.65,NA,Results,Technicianm
65050,2016-03-18,FGS,708 OUTLET,-9.99,NA,-79.17,NA,Results,Technicianm
65051,2016-03-18,FGS,819 OUTLET,-10.79,NA,-81.1,NA,Results,Technicianm
65052,2016-03-18,FGS,844 OUTLET,-10.85,NA,-80.61,NA,Results,Technicianm
65053,2016-03-18,FGS,1015 OUTLET,-10.21,NA,-76.03,NA,Results,Technicianm
68556,2016-04-07,FGS,626 OUTLET,-9.38,NA,-67.45,NA,Results,Technicianm
68557,2016-04-07,FGS,693 OUTLET,-11.12,NA,-79.7,NA,Results,Technicianm
68558,2016-04-07,FGS,703 OUTLET,-10.35,NA,-74.37,NA,Results,Technicianm
68559,2016-04-07,FGS,708 OUTLET,-10.54,NA,-79.12,NA,Results,Technicianm
68560,2016-04-07,FGS,819 OUTLET,-9.95,NA,-71.4,NA,Results,Technicianm
68561,2016-04-07,FGS,844 OUTLET,-10.1,NA,-71.66,NA,Results,Technicianm
68562,2016-04-07,FGS,1015 OUTLET,-10.53,NA,-76.4,NA,Results,Technicianm
83377,2016-04-27,FGS,626 OUTLET,-8.46,NA,-61.67,NA,Results,Technicianm
83378,2016-04-27,FGS,693 OUTLET,-10.06,NA,-70.84,NA,Results,Technicianm
83379,2016-04-27,FGS,703 OUTLET,-10.06,NA,-72.36,NA,Results,Technicianm
83380,2016-04-27,FGS,708 OUTLET,-9.89,NA,-72.68,NA,Results,Technicianm
83381,2016-04-27,FGS,819 OUTLET,-9.82,NA,-69.5,NA,Results,Technicianm
83382,2016-04-27,FGS,844 OUTLET,-9.84,NA,-69.82,NA,Results,Technicianm
83383,2016-04-27,FGS,1015 OUTLET,-10.19,NA,-73,NA,Results,Technicianm
120615,2016-05-18,FGS,626 OUTLET,-7.1,NA,-55,NA,Results,Technicianm
120616,2016-05-18,FGS,693 OUTLET,-8.9,NA,-64.7,NA,Results,Technicianm
120617,2016-05-18,FGS,703 OUTLET,-9.5,NA,-66.9,NA,Results,Technicianm
120618,2016-05-18,FGS,708 OUTLET,-8.6,NA,-65.8,NA,Results,Technicianm
120619,2016-05-18,FGS,819 OUTLET,-8.9,NA,-63.7,NA,Results,Technicianm
120620,2016-05-18,FGS,844 OUTLET,-9.1,NA,-65.7,NA,Results,Technicianm
120621,2016-05-18,FGS,1015 OUTLET,-9.1,NA,-66.8,NA,Results,Technicianm
133769,2016-06-08,FGS,626 OUTLET,-7.8,NA,-61.2,NA,Results,Technicianm
133770,2016-06-08,FGS,693 OUTLET,-8.9,NA,-66.7,NA,Results,Technicianm
133771,2016-06-08,FGS,703 OUTLET,-9.7,NA,-69.5,NA,Results,Technicianm
133772,2016-06-08,FGS,708 OUTLET,-9.1,NA,-68.7,NA,Results,Technicianm
133773,2016-06-08,FGS,819 OUTLET,-9.4,NA,-67,NA,Results,Technicianm
133774,2016-06-08,FGS,844 OUTLET,-9.5,NA,-68.4,NA,Results,Technicianm
133775,2016-06-08,FGS,1015 OUTLET,-9.2,NA,-68.3,NA,Results,Technicianm
137681,2016-06-29,FGS,626 OUTLET,-7.6,NA,-58.5,NA,Results,Technicianm
137682,2016-06-29,FGS,693 OUTLET,-9.2,NA,-67.9,NA,Results,Technicianm
137683,2016-06-29,FGS,703 OUTLET,-9.8,NA,-71.1,NA,Results,Technicianm
137684,2016-06-29,FGS,708 OUTLET,-8.9,NA,-68,NA,Results,Technicianm
137685,2016-06-29,FGS,819 OUTLET,-9.5,NA,-68.8,NA,Results,Technicianm
137686,2016-06-29,FGS,844 OUTLET,-9.9,NA,-71,NA,Results,Technicianm
137687,2016-06-29,FGS,1015 OUTLET,-9.2,NA,-68.3,NA,Results,Technicianm
146403,2016-07-20,FGS,626 OUTLET,-8.1,NA,-60.4,NA,Results,Technicianm
146404,2016-07-20,FGS,693 OUTLET,-9.6,NA,-69.8,NA,Results,Technicianm
146405,2016-07-20,FGS,703 OUTLET,-10.1,NA,-71.4,NA,Results,Technicianm
146406,2016-07-20,FGS,708 OUTLET,-8.5,NA,-64.9,NA,Results,Technicianm
146407,2016-07-20,FGS,819 OUTLET,-9.7,NA,-69.1,NA,Results,Technicianm
146408,2016-07-20,FGS,844 OUTLET,-9.9,NA,-72.4,NA,Results,Technicianm
146409,2016-07-20,FGS,1015 OUTLET,-9.1,NA,-67.9,NA,Results,Technicianm
155400,2016-08-10,FGS,626 OUTLET,-6.8,NA,-55.1,NA,Results,Technicianm
155401,2016-08-10,FGS,693 OUTLET,-8.8,SVC,-66.8,NA,Results,Technicianm
155402,2016-08-10,FGS,703 OUTLET,-9.6,NA,-68.4,NA,Results,Technicianm
155403,2016-08-10,FGS,708 OUTLET,-7.7,NA,-60.8,NA,Results,Technicianm
155404,2016-08-10,FGS,819 OUTLET,-8.9,NA,-64.9,NA,Results,Technicianm
155405,2016-08-10,FGS,844 OUTLET,-9.3,NA,-67.7,NA,Results,Technicianm
155406,2016-08-10,FGS,1015 OUTLET,-8.3,NA,-62.9,NA,Results,Technicianm
167161,2016-09-02,FGS,626 OUTLET,-9.2,NA,-68.4,NA,Results,Technicianm
167162,2016-09-02,FGS,693 OUTLET,-9.6,NA,-71.9,NA,Results,Technicianm
167163,2016-09-02,FGS,703 OUTLET,-10.3,NA,-74.4,NA,Results,Technicianm
167164,2016-09-02,FGS,708 OUTLET,-8.5,NA,-65.3,NA,Results,Technicianm
167165,2016-09-02,FGS,819 OUTLET,-10.4,NA,-73.9,NA,Results,Technicianm
167166,2016-09-02,FGS,844 OUTLET,-10.5,NA,-74.7,NA,Results,Technicianm
167167,2016-09-02,FGS,1015 OUTLET,-8.9,NA,-65.7,NA,Results,Technicianm
354311,2016-09-09,FGS_R,WANNOCK WR01,-15.8,NA,-115,NA,Results,Technicianm
167589,2016-09-21,FGS,626 OUTLET,-9.2,NA,-68.6,NA,Results,Technicianm
167590,2016-09-21,FGS,693 OUTLET,-10,NA,-73.8,NA,Results,Technicianm
167591,2016-09-21,FGS,703 OUTLET,-10.1,NA,-73.5,NA,Results,Technicianm
167592,2016-09-21,FGS,708 OUTLET,-8.7,NA,-67.2,NA,Results,Technicianm
167593,2016-09-21,FGS,819 OUTLET,-10.3,NA,-75.3,NA,Results,Technicianm
167594,2016-09-21,FGS,844 OUTLET,-10.6,NA,-76.9,NA,Results,Technicianm
167595,2016-09-21,FGS,1015 OUTLET,-9.3,NA,-69.2,NA,Results,Technicianm
354312,2016-09-29,FGS_R,WANNOCK WR01,-15.6,NA,-114.8,NA,Results,Technicianm
180131,2016-10-20,FGS,626 OUTLET,-9.9,NA,-74.4,NA,Results,Technicianm
180132,2016-10-20,FGS,693 OUTLET,-10.3,NA,-75.5,NA,Results,Technicianm
180133,2016-10-20,FGS,703 OUTLET,-10.8,NA,-77,NA,Results,Technicianm
180134,2016-10-20,FGS,708 OUTLET,-9.8,NA,-73.5,NA,Results,Technicianm
180135,2016-10-20,FGS,819 OUTLET,-10.6,NA,-76.5,NA,Results,Technicianm
180136,2016-10-20,FGS,844 OUTLET,-10.5,NA,-77.9,NA,Results,Technicianm
241363,2016-10-23,FGS,1015 OUTLET,-9.6,NA,-71.6,NA,Results,Technicianm
185055,2016-11-22,FGS,693 OUTLET,-11.22,NA,-80.1,NA,Results,Technicianm
185054,2016-11-22,FGS,703 OUTLET,-12.09,NA,-85.8,NA,Results,Technicianm
185058,2016-11-22,FGS,819 OUTLET,-11.84,NA,-85.6,NA,Results,Technicianm
185059,2016-11-22,FGS,844 OUTLET,-11.85,NA,-85.4,NA,Results,Technicianm
185060,2016-11-23,FGS,626 OUTLET,-11.6,NA,-85.7,NA,Results,Technicianm
185061,2016-11-23,FGS,708 OUTLET,-10.43,NA,-77.1,NA,Results,Technicianm
185062,2016-11-23,FGS,1015 OUTLET,-10.29,NA,-74.9,NA,Results,Technicianm
239070,2017-01-20,FGS,626 OUTLET,-11.1,NA,-81.3,NA,Results,Technicianm
239071,2017-01-20,FGS,693 OUTLET,-11.73,NA,-83.7,NA,Results,Technicianm
239072,2017-01-20,FGS,703 OUTLET,-12.47,NA,-89.6,NA,Results,Technicianm
239073,2017-01-20,FGS,708 OUTLET,-10.49,NA,-75,NA,Results,Technicianm
239074,2017-01-20,FGS,819 OUTLET,-11.75,NA,-85.6,NA,Results,Technicianm
239075,2017-01-20,FGS,844 OUTLET,-11.95,NA,-87.1,NA,Results,Technicianm
239076,2017-01-20,FGS,1015 OUTLET,-10.53,NA,-75.1,NA,Results,Technicianm
251321,2017-02-24,FGS,626 OUTLET,-10.95,NA,-81,NA,Results,Technicianm
251322,2017-02-24,FGS,693 OUTLET,-11.89,NA,-86.2,NA,Results,Technicianm
251323,2017-02-24,FGS,703 OUTLET,-11.58,NA,-83.9,NA,Results,Technicianm
251324,2017-02-24,FGS,708 OUTLET,-10.68,NA,-77.6,NA,Results,Technicianm
251325,2017-02-24,FGS,819 OUTLET,-11.37,NA,-82.3,NA,Results,Technicianm
251326,2017-02-24,FGS,844 OUTLET,-11.4,NA,-82.8,NA,Results,Technicianm
251327,2017-02-24,FGS,1015 OUTLET,-10.56,NA,-76.1,NA,Results,Technicianm
254331,2017-03-15,FGS,626 OUTLET,-11.4,NA,-80.7,NA,Results,Technicianm
254333,2017-03-15,FGS,703 OUTLET,-12.05,NA,-84.2,NA,Results,Technicianm
254334,2017-03-15,FGS,708 OUTLET,-10.98,NA,-79.2,NA,Results,Technicianm
254335,2017-03-15,FGS,819 OUTLET,-11.8,NA,-81.1,NA,Results,Technicianm
254336,2017-03-15,FGS,844 OUTLET,-12.01,NA,-82.1,NA,Results,Technicianm
254337,2017-03-15,FGS,1015 OUTLET,-11.07,NA,-77.7,NA,Results,Technicianm
254331,2017-03-15,FGS,626 OUTLET,-11.53,NA,-80,NA,Results,Technicianm
254331,2017-03-15,FGS,626 OUTLET,-11.48,NA,-80,NA,Results,Technicianm
354313,2017-03-18,FGS_R,WANNOCK WR01,-15.06,NA,-110.8,NA,Results,Technicianm
354313,2017-03-18,FGS_R,WANNOCK WR01,-14.7,NA,-109.4,NA,Results,Technicianm
353520,2017-03-19,FGS,693 OUTLET,-11.99,NA,-84.1,NA,Results,Technicianm
255252,2017-04-01,FGS_Y,KOEYE KR02,-12.04,NA,-85.2,NA,Results,Technicianr
255253,2017-04-01,FGS_Y,KOEYE KR01,-12.01,NA,-84.3,NA,Results,Technicianr
255288,2017-04-12,FGS,626 OUTLET,-10.63,NA,-77.6,NA,Results,Technicianm
255289,2017-04-12,FGS,693 OUTLET,-11.61,NA,-82.2,NA,Results,Technicianm
255290,2017-04-12,FGS,703 OUTLET,-11.9,NA,-83.8,NA,Results,Technicianm
255291,2017-04-12,FGS,708 OUTLET,-10.75,NA,-76.7,NA,Results,Technicianm
255292,2017-04-12,FGS,819 OUTLET,-11.39,NA,-81.4,NA,Results,Technicianm
255293,2017-04-12,FGS,844 OUTLET,-11.46,NA,-82.3,NA,Results,Technicianm
255294,2017-04-12,FGS,1015 OUTLET,-10.92,NA,-77,NA,Results,Technicianm
255294,2017-04-12,FGS,1015 OUTLET,-10.82,NA,-76.6,NA,Results,Technicianm
255294,2017-04-12,FGS,1015 OUTLET,-10.92,NA,-77.5,NA,Results,Technicianm
260832,2017-04-24,FGS_Y,KOEYE KR01,-11.79,NA,-84.4,NA,Results,Technicianr
294510,2017-05-01,FGS_B,TEAQUAHAN TEAQ2,-16.69,NA,-120,NA,Results,Technicianm
294509,2017-05-01,FGS_B,TEAQUAHAN TEAQ1,-16.48,NA,-121.6,NA,Results,Technicianm
354316,2017-05-01,FGS_R,WANNOCK WR01,-14.76,NA,-109.6,NA,Results,Technicianm
487344,2017-05-01,FGS_R,WANNOCK WR01,-14.89,NA,-110.6,NA,Results,Technicianm
294513,2017-05-02,FGS_B,HOMATHKO_TRIB T5KM1,-17.11,NA,-125.6,NA,Results,Technicianm
294515,2017-05-02,FGS_B,HOMATHKO HOMA1,-17.38,SVC,-129.5,SVC,Results,Principal Investigator
294514,2017-05-02,FGS_B,CUMSACK CMSK1,-15.71,NA,-115,NA,Results,Technicianm
294512,2017-05-02,FGS_B,SOUTHGATE SGTE1,-17.66,AV,-130.6,AV,Results,Principal Investigator
294536,2017-05-03,FGS_B,HOMATHKO HOMA1,-17.55,AV,-130.8,AV,Results,Principal Investigator
294535,2017-05-03,FGS_B,CAMPCREEK WATERINTAKE,-17.4,NA,-128.5,NA,Results,Technicianm
294538,2017-05-04,FGS_B,HYACINTHE HYAC1,-12.39,NA,-88.4,NA,Results,Technicianm
280616,2017-05-07,FGS,626 OUTLET,-9.55,NA,-71.8,NA,Results,Technicianm
280617,2017-05-07,FGS,693 OUTLET,-11.12,NA,-82.1,NA,Results,Technicianm
280618,2017-05-07,FGS,703 OUTLET,-11.1,NA,-79.3,NA,Results,Technicianm
280619,2017-05-07,FGS,708 OUTLET,-10.2,NA,-75.1,NA,Results,Technicianm
280620,2017-05-07,FGS,819 OUTLET,-10.65,NA,-76.2,NA,Results,Technicianm
280621,2017-05-07,FGS,844 OUTLET,-10.88,NA,-78,NA,Results,Technicianm
280622,2017-05-07,FGS,1015 OUTLET,-10.7,NA,-77.2,NA,Results,Technicianm
280620,2017-05-07,FGS,819 OUTLET,-10.62,NA,-77.5,NA,Results,Technicianm
280620,2017-05-07,FGS,819 OUTLET,-10.65,NA,-76.9,NA,Results,Technicianm
293033,2017-05-11,FGS_Y,KOEYE KR_TRIB,-11.32,NA,-82.1,NA,Results,Technicianr
293032,2017-05-11,FGS_Y,KOEYE KR01,-12.15,NA,-86.1,NA,Results,Technicianr
293724,2017-05-20,FGS_Y,KOEYE KR01,-12.42,NA,-87.5,NA,Results,Technicianr
354318,2017-05-22,FGS_R,WANNOCK WR01,-15.11,NA,-110,NA,Results,Technicianm
301473,2017-05-24,FGS,626 OUTLET,-8.59,NA,-65.9,NA,Results,Technicianm
301474,2017-05-24,FGS,693 OUTLET,-10.74,NA,-79.9,NA,Results,Technicianm
301475,2017-05-24,FGS,703 OUTLET,-10.25,NA,-73.2,NA,Results,Technicianm
301475,2017-05-24,FGS,703 OUTLET,-10.3,NA,-73.4,NA,Results,Technicianm
301475,2017-05-24,FGS,703 OUTLET,-9.95,NA,-73.6,NA,Results,Technicianm
301476,2017-05-24,FGS,708 OUTLET,-9.6,NA,-72.1,NA,Results,Technicianm
301477,2017-05-24,FGS,819 OUTLET,-9.8,NA,-71.4,NA,Results,Technicianm
301478,2017-05-24,FGS,844 OUTLET,-10,NA,-72.8,NA,Results,Technicianm
301479,2017-05-24,FGS,1015 OUTLET,-10.11,NA,-73,NA,Results,Technicianm
294434,2017-06-01,FGS_Y,KOEYE KR01,-12.38,NA,-85.7,NA,Results,Technicianr
310997,2017-06-08,FGS_B,HOMATHKO HOMA1,-18.6,AV,-138.2,AV,Results,Principal Investigator
300521,2017-06-11,FGS_R,WANNOCK WR01,-15.74,NA,-114.8,NA,Results,Technicianm
301497,2017-06-14,FGS,844 OUTLET,-10.14,NA,-73.9,NA,Results,Technicianm
301497,2017-06-14,FGS,844 OUTLET,-10.22,NA,-74,NA,Results,Technicianm
301497,2017-06-14,FGS,844 OUTLET,-8.63,NA,-71.4,NA,Results,Technicianm
301498,2017-06-14,FGS,1015 OUTLET,-9.77,NA,-71.5,NA,Results,Technicianm
301492,2017-06-14,FGS,626 OUTLET,-8.06,NA,-63.6,NA,Results,Technicianm
301493,2017-06-14,FGS,693 OUTLET,-10.36,NA,-77.9,NA,Results,Technicianm
301494,2017-06-14,FGS,703 OUTLET,-10.45,NA,-76.3,NA,Results,Technicianm
301495,2017-06-14,FGS,708 OUTLET,-8.23,NA,-68.9,NA,Results,Technicianm
301496,2017-06-14,FGS,819 OUTLET,-9.98,NA,-72.4,NA,Results,Technicianm
306203,2017-06-26,FGS_Y,KOEYE KR01,-11.89,NA,-85.2,NA,Results,Technicianr
354320,2017-07-03,FGS_R,WANNOCK WR01,-15.69,NA,-116.3,NA,Results,Technicianm
309242,2017-07-05,FGS,626 OUTLET,-6.93,NA,-59.2,NA,Results,Technicianm
309243,2017-07-05,FGS,693 OUTLET,-9.27,NA,-73.1,NA,Results,Technicianm
309244,2017-07-05,FGS,703 OUTLET,-9.56,NA,-71.3,NA,Results,Technicianm
309245,2017-07-05,FGS,708 OUTLET,-8.62,NA,-67.6,NA,Results,Technicianm
309246,2017-07-05,FGS,819 OUTLET,-9.16,NA,-69.5,NA,Results,Technicianm
309247,2017-07-05,FGS,844 OUTLET,-9.66,NA,-72.6,NA,Results,Technicianm
309248,2017-07-05,FGS,1015 OUTLET,-9.1,NA,-70.2,NA,Results,Technicianm
309248,2017-07-05,FGS,1015 OUTLET,-9.06,NA,-69.2,NA,Results,Technicianm
309248,2017-07-05,FGS,1015 OUTLET,-9.12,NA,-69.8,NA,Results,Technicianm
311708,2017-07-14,FGS_Y,KOEYE KR01,-11.38,NA,-82.9,NA,Results,Technicianr
312445,2017-07-21,FGS_B,HYACINTHE HYAC1,-10.85,NA,-80.3,NA,Results,Technicianm
354321,2017-07-23,FGS_R,WANNOCK WR01,NA,NA,NA,NA,Not Available,Technicianm
313696,2017-07-30,FGS,626 OUTLET,-5.91,NA,-53.5,NA,Results,Technicianm
313694,2017-07-30,FGS,693 OUTLET,-9.12,NA,-71.4,NA,Results,Technicianm
313698,2017-07-30,FGS,703 OUTLET,-8.91,NA,-65.3,NA,Results,Technicianm
313693,2017-07-30,FGS,708 OUTLET,-7.95,NA,-63.5,NA,Results,Technicianm
313697,2017-07-30,FGS,819 OUTLET,-8.59,NA,-65.5,NA,Results,Technicianm
313695,2017-07-30,FGS,844 OUTLET,-9.08,NA,-68.2,NA,Results,Technicianm
313699,2017-07-30,FGS,1015 OUTLET,-8.4,NA,-64.7,NA,Results,Technicianm
313698,2017-07-30,FGS,703 OUTLET,-9.06,NA,-65.6,NA,Results,Technicianm
313698,2017-07-30,FGS,703 OUTLET,-9.15,NA,-65.9,NA,Results,Technicianm
320831,2017-08-08,FGS_Y,KOEYE KR01,-11.24,NA,-82.3,NA,Results,Technicianr
326010,2017-08-10,FGS_R,WANNOCK WR01,-16.03,NA,-118.6,NA,Results,Technicianm
317991,2017-08-16,FGS,626 OUTLET,-6.28,NA,-55,NA,Results,Technicianm
317992,2017-08-16,FGS,693 OUTLET,-8.87,NA,-70.2,NA,Results,Technicianm
317993,2017-08-16,FGS,703 OUTLET,-9.74,NA,-71.8,NA,Results,Technicianm
317994,2017-08-16,FGS,708 OUTLET,-8.15,NA,-64.4,NA,Results,Technicianm
317995,2017-08-16,FGS,819 OUTLET,-9.19,NA,-68.1,NA,Results,Technicianm
317996,2017-08-16,FGS,844 OUTLET,-9.64,NA,-71.2,NA,Results,Technicianm
317997,2017-08-16,FGS,1015 OUTLET,-8.66,NA,-65.7,NA,Results,Technicianm
317995,2017-08-16,FGS,819 OUTLET,-9.32,NA,-68.8,NA,Results,Technicianm
317995,2017-08-16,FGS,819 OUTLET,-9.13,NA,-67.8,NA,Results,Technicianm
320911,2017-08-24,FGS_B,HOMATHKO HOMA1,-17.49,AV,-129.4,AV,Results,Principal Investigator
320912,2017-08-24,FGS_B,CAMPCREEK WATERINTAKE,-16.26,NA,-117,NA,Results,Technicianm
320913,2017-08-26,FGS_B,HYACINTHE HYAC1,-10.02,NA,-75.6,NA,Results,Technicianm
320914,2017-08-26,FGS_B,DREW DREW1,-10.57,SVC,-76.2,SVC,Results,Technicianm
325553,2017-08-30,FGS_Y,KOEYE KR01,-11.07,NA,-78.9,NA,Results,Technicianr
336999,2017-09-07,FGS_R,WANNOCK WR01,-16.12,NA,-116.9,NA,Results,Technicianm
336999,2017-09-07,FGS_R,WANNOCK WR01,-16.04,NA,-117.5,NA,Results,Technicianm
336999,2017-09-07,FGS_R,WANNOCK WR01,-15.93,NA,-117.4,NA,Results,Technicianm
337000,2017-09-09,FGS,626 OUTLET,-6.51,NA,-50.3,NA,Results,Technicianm
337001,2017-09-09,FGS,693 OUTLET,-8.41,NA,-64.3,NA,Results,Technicianm
337002,2017-09-09,FGS,703 OUTLET,-8.77,NA,-62.5,NA,Results,Technicianm
337003,2017-09-09,FGS,708 OUTLET,-7.75,NA,-60,NA,Results,Technicianm
337004,2017-09-09,FGS,819 OUTLET,-8.47,NA,-61.3,NA,Results,Technicianm
337005,2017-09-09,FGS,844 OUTLET,-8.57,NA,-65.6,NA,Results,Technicianm
337006,2017-09-09,FGS,1015 OUTLET,-8.48,NA,-64.5,NA,Results,Technicianm
337006,2017-09-09,FGS,1015 OUTLET,-8.73,NA,-65.2,NA,Results,Technicianm
337006,2017-09-09,FGS,1015 OUTLET,-8.79,NA,-65.4,NA,Results,Technicianm
342129,2017-09-20,FGS_Y,KOEYE KR01,-7.84,NA,-59.8,NA,Results,Technicianm
354325,2017-09-29,FGS_R,WANNOCK WR01,-15.43,NA,-113.5,NA,Results,Technicianm
345806,2017-09-30,FGS,626 OUTLET,-6.25,NA,-47.7,NA,Results,Technicianm
345807,2017-09-30,FGS,693 OUTLET,-7.94,NA,-58.2,NA,Results,Technicianm
345808,2017-09-30,FGS,703 OUTLET,-8.41,NA,-60.8,NA,Results,Technicianm
345809,2017-09-30,FGS,708 OUTLET,-7.52,NA,-58.4,NA,Results,Technicianm
345810,2017-09-30,FGS,819 OUTLET,-8.11,NA,-59.3,NA,Results,Technicianm
345811,2017-09-30,FGS,844 OUTLET,-8.26,NA,-60.7,NA,Results,Technicianm
345812,2017-09-30,FGS,1015 OUTLET,-9.38,NA,-66,NA,Results,Technicianm
345810,2017-09-30,FGS,819 OUTLET,-8.69,NA,-61,NA,Results,Technicianm
345810,2017-09-30,FGS,819 OUTLET,-8.24,NA,-58.8,NA,Results,Technicianm
348359,2017-10-04,FGS_B,BEAR BEAR1,NA,NA,NA,NA,Not Available,Technicianm
348364,2017-10-04,FGS_B,MELLERSH MELR1,NA,NA,NA,NA,Not Available,Technicianm
348360,2017-10-04,FGS_B,PARADISE PDSE1,NA,NA,NA,NA,Not Available,Technicianm
348354,2017-10-04,FGS_B,SOUTHGATE SGTE1,NA,NA,NA,NA,Results,Principal Investigator
348352,2017-10-04,FGS_B,SOUTHGATE SGTE2,NA,NA,NA,NA,Results,Principal Investigator
348358,2017-10-04,FGS_B,HOMATHKO HOMA1,NA,NA,NA,NA,Results,Principal Investigator
348355,2017-10-05,FGS_B,HOMATHKO HOMA3,NA,NA,NA,NA,Results,Principal Investigator
348356,2017-10-05,FGS_B,HOMATHKO HOMA1,NA,NA,NA,NA,Results,Principal Investigator
348351,2017-10-05,FGS_B,HOMATHKO HOMA3,NA,NA,NA,NA,Results,Principal Investigator
3783068,2017-10-05,FGS_B,HOMATHKO HOMA2,NA,NA,NA,NA,Results,Principal Investigator
3752424,2017-10-05,FGS_B,HOMATHKO HOMA2,NA,NA,NA,NA,Results,Principal Investigator
348361,2017-10-05,FGS_B,CAMPCREEK WATERINTAKE,NA,NA,NA,NA,Not Available,Technicianm
348362,2017-10-06,FGS_B,HYACINTHE HYAC1,NA,NA,NA,NA,Not Available,Technicianm
348357,2017-10-06,FGS_B,DREW DREW1,NA,NA,NA,NA,Not Available,Technicianm
348962,2017-10-11,FGS_Y,KOEYE KR01,-10.29,NA,-73,NA,Results,Technicianm
354759,2017-10-14,FGS_R,WANNOCK WR01,NA,NA,NA,NA,Not Available,Technicianm
350675,2017-10-15,FGS,626 OUTLET,-6.62,NA,-49.3,NA,Results,Technicianm
350677,2017-10-15,FGS,693 OUTLET,-7.87,NA,-58.5,NA,Results,Technicianm
350676,2017-10-15,FGS,703 OUTLET,-7.98,NA,-57.9,NA,Results,Technicianm
350678,2017-10-15,FGS,708 OUTLET,-7.42,NA,-60.5,NA,Results,Technicianm
350679,2017-10-15,FGS,819 OUTLET,-8.36,NA,-59.8,NA,Results,Technicianm
350681,2017-10-15,FGS,844 OUTLET,-8.42,NA,-61.3,NA,Results,Technicianm
350680,2017-10-15,FGS,1015 OUTLET,-8.43,NA,-62.4,NA,Results,Technicianm
350680,2017-10-15,FGS,1015 OUTLET,-8.33,NA,-62.1,NA,Results,Technicianm
350680,2017-10-15,FGS,1015 OUTLET,-8.49,NA,-62.8,NA,Results,Technicianm
353496,2017-11-09,FGS_B,HOMATHKO HOMA3,-17.51,AV,-131.9,AV,Results,Principal Investigator
353492,2017-11-09,FGS_B,HOMATHKO HOMA1,-17.36,SVC,-130.9,SVC,Results,Principal Investigator
353495,2017-11-09,FGS_B,HOMATHKO HOMA3,-17.49,AV,-131.5,AV,Results,Principal Investigator
353490,2017-11-09,FGS_B,CAMPCREEK WATERINTAKE,-16.04,NA,-116.2,NA,Results,Technicianm
353494,2017-11-09,FGS_B,HOMATHKO HOMA3,-17.39,AV,-131.2,AV,Results,Principal Investigator
353493,2017-11-09,FGS_B,HOMATHKO HOMA1,-17.4,SVC,-131.5,SVC,Results,Principal Investigator
353491,2017-11-09,FGS_B,HOMATHKO HOMA1,-17.39,SVC,-131.5,SVC,Results,Principal Investigator
353497,2017-11-14,FGS_B,HYACINTHE HYAC1,-11.38,NA,-79.3,NA,Results,Technicianm
369464,2017-12-02,FGS,626 OUTLET,-10.03,NA,-69.7,NA,Results,Technicianm
369466,2017-12-02,FGS,703 OUTLET,-10.74,NA,-73.9,NA,Results,Technicianm
369465,2017-12-02,FGS,693 OUTLET,-11.03,NA,-76.4,NA,Results,Technicianm
369468,2017-12-02,FGS,819 OUTLET,-9.59,NA,-72.1,NA,Results,Technicianm
369468,2017-12-02,FGS,819 OUTLET,-9.69,NA,-71.8,NA,Results,Technicianm
369468,2017-12-02,FGS,819 OUTLET,-11.94,NA,-76.8,NA,Results,Technicianm
369469,2017-12-02,FGS,844 OUTLET,-10.01,NA,-73.6,NA,Results,Technicianm
369470,2017-12-02,FGS,1015 OUTLET,-8.97,NA,-65.9,NA,Results,Technicianm
360861,2017-12-02,FGS_Y,KOEYE KR01,-11.15,NA,-78,NA,Results,Technicianm
369467,2017-12-07,FGS,708 OUTLET,-8.77,NA,-68.2,NA,Results,Technicianm
364876,2018-01-11,FGS_Y,KOEYE KR01,-11.4,NA,-79.9,NA,Results,Technicianm
364910,2018-01-13,FGS,626 OUTLET,-10.2,NA,-73,NA,Results,Technicianm
364910,2018-01-13,FGS,626 OUTLET,-10.3,NA,-73.5,NA,Results,Technicianm
364910,2018-01-13,FGS,626 OUTLET,-10.2,NA,-73,NA,Results,Technicianm
364911,2018-01-13,FGS,693 OUTLET,-11.3,NA,-78.5,NA,Results,Technicianm
364912,2018-01-13,FGS,703 OUTLET,-11.9,NA,-84.9,NA,Results,Technicianm
364913,2018-01-13,FGS,708 OUTLET,-9.9,NA,-71,NA,Results,Technicianm
364914,2018-01-13,FGS,819 OUTLET,-10.9,NA,-76.9,NA,Results,Technicianm
364915,2018-01-13,FGS,844 OUTLET,-11.1,NA,-78.9,NA,Results,Technicianm
364916,2018-01-13,FGS,1015 OUTLET,-9.8,NA,-69.9,NA,Results,Technicianm
366674,2018-01-26,FGS_B,CAMPCREEK WATERINTAKE,-15.7,NA,-116.6,NA,Results,Technicianm
366675,2018-01-26,FGS_B,HOMATHKO HOMA1,-17.1,NA,-129.4,NA,Results,Technicianm
366676,2018-01-26,FGS_B,HOMATHKO HOMA1,-17.2,NA,-129.8,NA,Results,Technicianm
366677,2018-01-26,FGS_B,HOMATHKO HOMA1,-15.9,NA,-125.9,NA,Results,Technicianm
366678,2018-01-29,FGS_B,HYACINTHE HYAC1,-12.8,NA,-90.2,NA,Results,Technicianm
369430,2018-02-17,FGS,626 OUTLET,-10.4,NA,-74.4,NA,Results,Technicianm
369431,2018-02-17,FGS,693 OUTLET,-11.1,NA,-78.4,NA,Results,Technicianm
369432,2018-02-17,FGS,703 OUTLET,-10.8,NA,-77.7,NA,Results,Technicianm
369433,2018-02-17,FGS,708 OUTLET,-10.2,NA,-73.6,NA,Results,Technicianm
369434,2018-02-17,FGS,819 OUTLET,-11.1,NA,-79.1,NA,Results,Technicianm
369435,2018-02-17,FGS,844 OUTLET,-11.2,NA,-80.3,NA,Results,Technicianm
369435,2018-02-17,FGS,844 OUTLET,-11.2,NA,-79.8,NA,Results,Technicianm
369435,2018-02-17,FGS,844 OUTLET,-11.4,NA,-80.6,NA,Results,Technicianm
369436,2018-02-17,FGS,1015 OUTLET,-10.5,NA,-74.4,NA,Results,Technicianm
369569,2018-02-25,FGS_R,WANNOCK WR01,-14.8,NA,-109.8,NA,Results,Technicianm
369569,2018-02-25,FGS_R,WANNOCK WR01,-15,NA,-110.6,NA,Results,Technicianm
371424,2018-02-26,FGS_Y,KOEYE KR01,-10.7,NA,-79,NA,Results,Technicianm
474962,2018-03-09,FGS_B,CAMPCREEK WATERINTAKE,-15.8,NA,-116.7,NA,Results,Technicianm
474963,2018-03-09,FGS_B,HOMATHKO HOMA1,-17.3,SVC,-130.1,SVC,Results,Technicianm
474965,2018-03-09,FGS_B,HOMATHKO HOMA1,-17.2,NA,-129.9,NA,Results,Technicianm
474964,2018-03-09,FGS_B,HOMATHKO HOMA1,-17.2,SVC,-129.7,SVC,Results,Technicianm
373390,2018-03-14,FGS_B,HYACINTHE HYAC1,-12.7,NA,-90.1,NA,Results,Technicianm
373963,2018-03-21,FGS_R,26812 OUTLET,-10.4,NA,-74.9,NA,Results,Technicianmr
373962,2018-03-21,FGS_R,20947 OUTLET,-11.6,NA,-80.7,NA,Results,Technicianmr
373967,2018-03-21,FGS_R,20726 OUTLET,-12,NA,-86.4,NA,Results,Technicianmr
373959,2018-03-21,FGS_R,20980 OUTLET,-11.3,NA,-80.6,NA,Results,Technicianmr
373965,2018-03-21,FGS_R,20938 OUTLET,-12.1,NA,-86.4,NA,Results,Technicianmr
373966,2018-03-21,FGS_R,20727 OUTLET,-12.8,NA,-92.2,NA,Results,Technicianmr
373961,2018-03-21,FGS_R,20952 OUTLET,-11,NA,-76.2,NA,Results,Technicianmr
373964,2018-03-21,FGS_R,20940 OUTLET,-12.2,NA,-85.8,NA,Results,Technicianmr
373960,2018-03-21,FGS_R,20954 OUTLET,-10.6,NA,-75.6,NA,Results,Technicianmr
373969,2018-03-21,FGS_R,20720 OUTLET,-12.4,NA,-89,NA,Results,Technicianmr
373968,2018-03-21,FGS_R,20718 OUTLET,-12.1,NA,-86.9,NA,Results,Technicianmr
373970,2018-03-22,FGS_R,20636 OUTLET,-11.8,NA,-83.5,NA,Results,Technicianmr
373971,2018-03-22,FGS_R,20642 OUTLET,-12,NA,-84.7,NA,Results,Technicianmr
373972,2018-03-22,FGS_R,20754 OUTLET,-13.7,NA,-99,NA,Results,Technicianmr
373975,2018-03-22,FGS_R,20643 OUTLET,-11.6,NA,-83.6,NA,Results,Technicianmr
373976,2018-03-22,FGS_R,20623 OUTLET,-10.9,NA,-77.6,NA,Results,Technicianmr
373973,2018-03-22,FGS_R,20741 OUTLET,-13.1,NA,-94.4,NA,Results,Technicianmr
373974,2018-03-22,FGS_R,20747 OUTLET,-13.2,NA,-95.6,NA,Results,Technicianmr
373977,2018-03-22,FGS_R,20760 OUTLET,-13.6,NA,-97.7,NA,Results,Technicianmr
374066,2018-03-24,FGS_Y,KOEYE KR01,-11.7,NA,-82.1,NA,Results,Technicianmr
374695,2018-03-25,FGS,626 OUTLET,-9.9,NA,-70.2,NA,Results,Technicianr
374696,2018-03-25,FGS,693 OUTLET,-10.8,NA,-76.8,NA,Results,Technicianr
374697,2018-03-25,FGS,703 OUTLET,-10.9,NA,-76.3,NA,Results,Technicianr
374698,2018-03-25,FGS,708 OUTLET,-10.2,NA,-72.3,NA,Results,Technicianr
374699,2018-03-25,FGS,819 OUTLET,-10.8,NA,-75.8,NA,Results,Technicianr
374699,2018-03-25,FGS,819 OUTLET,-11,NA,-76.1,NA,Results,Technicianr
374699,2018-03-25,FGS,819 OUTLET,-10.9,NA,-75.9,NA,Results,Technicianr
374700,2018-03-25,FGS,844 OUTLET,-11.1,NA,-77.4,NA,Results,Technicianr
374701,2018-03-25,FGS,1015 OUTLET,-10.3,NA,-72.5,NA,Results,Technicianr
375148,2018-04-01,FGS_R,WANNOCK WR01,-15.09,NA,-110.6,NA,Results,Technicianm
376728,2018-04-04,FGS_B,4848 OUTLET,-15.76,NA,-116.6,NA,Results,Technicianm
376726,2018-04-04,FGS_B,4914 OUTLET,-15.41,NA,-113,NA,Results,Technicianm
376727,2018-04-04,FGS_B,MELLERSH MELR1,-15.19,NA,-111.3,NA,Results,Technicianm
376729,2018-04-04,FGS_B,HOMATHKO HOMA1,-17.35,NA,-130.6,NA,Results,Technicianm
376730,2018-04-04,FGS_B,CAMPCREEK WATERINTAKE,-16.23,NA,-119.5,NA,Results,Technicianm
376731,2018-04-04,FGS_B,4889 OUTLET,-15.74,NA,-116.1,NA,Results,Technicianm
376733,2018-04-04,FGS_B,4968 OUTLET,-15.15,NA,-110.1,NA,Results,Technicianm
376732,2018-04-04,FGS_B,4809 OUTLET,-15.24,NA,-112,NA,Results,Technicianm
376723,2018-04-05,FGS_B,9572 OUTLET,-13.34,NA,-96.4,NA,Results,Technicianm
376725,2018-04-05,FGS_B,9265 OUTLET,-13.79,NA,-100.2,NA,Results,Technicianm
376721,2018-04-05,FGS_B,4767 OUTLET,-14.71,NA,-108.2,NA,Results,Technicianm
376722,2018-04-05,FGS_B,4745 OUTLET,-14.81,NA,-107.9,NA,Results,Technicianm
376724,2018-04-05,FGS_B,9245 OUTLET,-12.82,NA,-93.6,NA,Results,Technicianm
3780869,2018-04-05,FGS_B,8405 OUTLET,-12.78,NA,-91.2,NA,Results,Technicianm
376799,2018-04-06,FGS_B,HYACINTHE HYAC1,-13.52,NA,-96.8,NA,Results,Technicianm
377537,2018-04-10,FGS_R,703 OUTLET,-11.78,NA,-83,NA,Results,Technicianm
377538,2018-04-10,FGS_R,708 OUTLET,-10.83,NA,-36.6,NA,Results,Technicianm
377536,2018-04-10,FGS_R,819 OUTLET,-10.78,NA,-75.5,NA,Results,Technicianm
377607,2018-04-11,FGS_R,20623 OUTLET,-11.22,NA,-79.2,NA,Results,Technicianmr
377606,2018-04-11,FGS_R,20612 OUTLET,-11.52,NA,-80.5,NA,Results,Technicianmr
377596,2018-04-11,FGS_R,20741 OUTLET,-14.12,NA,-101.4,NA,Results,Technicianmr
377601,2018-04-11,FGS_R,20720 OUTLET,-14.21,NA,-100.6,NA,Results,Technicianmr
377599,2018-04-11,FGS_R,20718 OUTLET,-13.42,NA,-94.7,NA,Results,Technicianmr
377603,2018-04-11,FGS_R,20940 OUTLET,-13.14,NA,-92,NA,Results,Technicianmr
377602,2018-04-11,FGS_R,20938 OUTLET,-12.99,NA,-91,NA,Results,Technicianmr
377600,2018-04-11,FGS_R,20754 OUTLET,-14.31,NA,-105.1,NA,Results,Technicianmr
377595,2018-04-11,FGS_R,20747 OUTLET,-14.35,NA,-104.3,NA,Results,Technicianmr
377597,2018-04-11,FGS_R,20643 OUTLET,-12.01,NA,-87.7,NA,Results,Technicianmr
377598,2018-04-11,FGS_R,20642 OUTLET,-12.56,NA,-87.9,NA,Results,Technicianmr
377604,2018-04-11,FGS_R,20615 OUTLET,-11.03,NA,-77.5,NA,Results,Technicianmr
377605,2018-04-11,FGS_R,20727 OUTLET,-13.87,NA,-101.2,NA,Results,Technicianmr
377589,2018-04-12,FGS_R,20954 OUTLET,-11.03,NA,-77.5,NA,Results,Technicianmr
377588,2018-04-12,FGS_R,20952 OUTLET,-11.53,NA,-78.5,NA,Results,Technicianmr
377587,2018-04-12,FGS_R,20947 OUTLET,-12.29,NA,-83.8,NA,Results,Technicianmr
377586,2018-04-12,FGS_R,26812 OUTLET,-10.82,NA,-76.3,NA,Results,Technicianmr
377590,2018-04-14,FGS_Y,KOEYE KR01,-11.56,NA,-81.2,NA,Results,Technicianm
377986,2018-04-16,FGS_R,20771K OUTLET,-13.91,NA,-101.5,NA,Results,Technicianmr
377987,2018-04-16,FGS_R,WANNOCK WR01,-15.02,SVC,-110.8,SVC,Results,Technicianmr
408159,2018-04-16,FGS_R,WANNOCK WR03,-14.9,NA,-109.8,NA,Results,Technicianmr
379232,2018-04-23,FGS,626 OUTLET,-9.68,NA,-70.3,NA,Results,Technicianm
379233,2018-04-23,FGS,693 OUTLET,-11.41,NA,-81.8,NA,Results,Technicianm
379234,2018-04-23,FGS,703 OUTLET,-11.01,NA,-77.6,NA,Results,Technicianm
379235,2018-04-23,FGS,708 OUTLET,-10.07,NA,-73.3,NA,Results,Technicianm
379236,2018-04-23,FGS,819 OUTLET,-10.3,NA,-72.6,NA,Results,Technicianm
379237,2018-04-23,FGS,844 OUTLET,-10.43,NA,-73.9,NA,Results,Technicianm
379237,2018-04-23,FGS,844 OUTLET,-10.59,NA,-75,NA,Results,Technicianm
379237,2018-04-23,FGS,844 OUTLET,-10.59,NA,-74.6,NA,Results,Technicianm
379238,2018-04-23,FGS,1015 OUTLET,-10.42,NA,-73.7,NA,Results,Technicianm
420087,2018-04-26,FGS_R,WANNOCK WR01,-15.11,NA,-111.2,NA,Results,Technicianm
379383,2018-04-30,FGS_B,CAMPCREEK WATERINTAKE,-16.82,NA,-123.8,NA,Results,Technicianmr
379385,2018-04-30,FGS_B,HOMATHKO HOMA3,-18.43,NA,-138.5,NA,Results,Technicianmr
379384,2018-04-30,FGS_B,SOUTHGATE SGTE3,-18.05,NA,-135.3,NA,Results,Technicianmr
379382,2018-04-30,FGS_B,HOMATHKO HOMA1,-18.39,NA,-138.2,NA,Results,Technicianmr
379381,2018-04-30,FGS_B,TEAQUAHAN TEAQ2,-16.64,NA,-122,NA,Results,Technicianmr
379670,2018-05-02,FGS_B,4968 OUTLET,-15.41,NA,-112,NA,Results,Technicianmr
379667,2018-05-02,FGS_B,4914 OUTLET,-16.2,NA,-118.6,NA,Results,Technicianmr
379671,2018-05-02,FGS_B,4805 OUTLET,-15.92,NA,-117.5,NA,Results,Technicianmr
379672,2018-05-02,FGS_B,PARADISE PDSE1,-15.42,NA,-112,NA,Results,Technicianmr
379673,2018-05-02,FGS_B,4809 OUTLET,-16.52,NA,-122.9,NA,Results,Technicianmr
379674,2018-05-02,FGS_B,4829 OUTLET,-16.18,NA,-119.6,NA,Results,Technicianmr
379668,2018-05-02,FGS_B,4889 OUTLET,-15.91,NA,-117,NA,Results,Technicianmr
379666,2018-05-02,FGS_B,4848 OUTLET,-17.16,NA,-127.2,NA,Results,Technicianmr
379669,2018-05-02,FGS_B,MELLERSH MELR1,-16.14,NA,-118.2,NA,Results,Technicianmr
379675,2018-05-02,FGS_B,HYACINTHE HYAC1,-12.59,NA,-89.5,NA,Results,Technicianmr
380265,2018-05-03,FGS_B,5005 OUTLET,-13.98,NA,-100.5,NA,Results,Technicianmr
380270,2018-05-03,FGS_B,8405 OUTLET,-12.44,NA,-86.9,NA,Results,Technicianmr
380267,2018-05-03,FGS_B,9257 OUTLET,-13.23,NA,-95.4,NA,Results,Technicianmr
380271,2018-05-03,FGS_B,9572 OUTLET,-13.15,NA,-95.6,NA,Results,Technicianmr
380266,2018-05-03,FGS_B,4745 OUTLET,-14.63,NA,-105.9,NA,Results,Technicianmr
380264,2018-05-03,FGS_B,4767 OUTLET,-15.56,NA,-113.4,NA,Results,Technicianmr
380268,2018-05-03,FGS_B,8395 OUTLET,-12.62,NA,-90.8,NA,Results,Technicianmr
380269,2018-05-03,FGS_B,9265 OUTLET,-13.08,NA,-94.9,NA,Results,Technicianmr
387761,2018-05-15,FGS_R,703 OUTLET,-10.7,NA,-76.1,NA,Results,Technicianm
387762,2018-05-15,FGS_R,708 OUTLET,-9.51,NA,-70.6,NA,Results,Technicianm
387763,2018-05-15,FGS_R,819 OUTLET,-9.4,NA,-68.7,NA,Results,Technicianm
387764,2018-05-15,FGS_Y,KOEYE KR01,-11.88,NA,-83.7,NA,Results,Technicianm
388062,2018-05-16,FGS_R,20938 OUTLET,-11.38,NA,-83,NA,Results,Technicianm
388030,2018-05-16,FGS_R,20954 OUTLET,-10.22,NA,-74,NA,Results,Technicianm
388031,2018-05-16,FGS_R,20952 OUTLET,-10.43,NA,-72.6,NA,Results,Technicianm
388032,2018-05-16,FGS_R,20947 OUTLET,-11.35,NA,-78.4,NA,Results,Technicianm
388033,2018-05-16,FGS_R,26812 OUTLET,-9.92,NA,-72.5,NA,Results,Technicianm
388034,2018-05-16,FGS_R,20940 OUTLET,-11.29,NA,-79.6,NA,Results,Technicianm
388035,2018-05-16,FGS_R,20727 OUTLET,-13.07,NA,-94.1,NA,Results,Technicianm
388037,2018-05-16,FGS_R,20726 OUTLET,-11.51,NA,-83.2,NA,Results,Technicianm
388038,2018-05-16,FGS_R,20720 OUTLET,-13.23,NA,-94.6,NA,Results,Technicianm
388039,2018-05-16,FGS_R,20718 OUTLET,-12.65,NA,-90.4,NA,Results,Technicianm
388028,2018-05-17,FGS_R,20722 OUTLET,-13.16,NA,-94,NA,Results,Technicianm
388021,2018-05-17,FGS_R,20612 OUTLET,-10.4,NA,-73.3,NA,Results,Technicianm
388022,2018-05-17,FGS_R,20613 OUTLET,-9.96,NA,-72.2,NA,Results,Technicianm
388023,2018-05-17,FGS_R,20623 OUTLET,NA,NA,NA,NA,Collected,Technicianm
388024,2018-05-17,FGS_R,20643 OUTLET,-10.44,NA,-78.4,NA,Results,Technicianm
388025,2018-05-17,FGS_R,20771K OUTLET,-15.25,NA,-110.9,NA,Results,Technicianm
388026,2018-05-17,FGS_R,20771C OUTLET,-15.05,NA,-110,NA,Results,Technicianm
388027,2018-05-17,FGS_R,20747 OUTLET,-13.42,NA,-97.1,NA,Results,Technicianm
388029,2018-05-18,FGS_R,20741 OUTLET,-13.04,NA,-95.1,NA,Results,Technicianm
405305,2018-05-28,FGS,626 OUTLET,-6.9,NA,-55.5,NA,Results,Technicianm
405306,2018-05-28,FGS,693 OUTLET,-10.5,NA,-76.4,NA,Results,Technicianm
405307,2018-05-28,FGS,703 OUTLET,-8.56,NA,-60.9,NA,Results,Technicianm
405307,2018-05-28,FGS,703 OUTLET,-8.68,NA,-60.9,NA,Results,Technicianm
405307,2018-05-28,FGS,703 OUTLET,-8.7,NA,-61,NA,Results,Technicianm
405308,2018-05-28,FGS,708 OUTLET,-8.29,NA,-61.4,NA,Results,Technicianm
405309,2018-05-28,FGS,819 OUTLET,-8.17,NA,-59.8,NA,Results,Technicianm
405310,2018-05-28,FGS,844 OUTLET,-8.85,NA,-63.7,NA,Results,Technicianm
405311,2018-05-28,FGS,1015 OUTLET,-8.53,NA,-63.5,NA,Results,Technicianm
415229,2018-05-31,FGS_B,HYACINTHE HYAC1,-11.69,NA,-85.2,NA,Results,Technicianm
415230,2018-05-31,FGS_B,8407 OUTLET,-11.9,NA,-84.2,NA,Results,Technicianm
406223,2018-05-31,FGS_R,WANNOCK WR01,-15.44,NA,-113.4,NA,Results,Technicianm
406234,2018-06-02,FGS_B,HOMATHKO HOMA3,-18.56,NA,-139.1,NA,Results,Technicianm
406238,2018-06-02,FGS_B,TEAQUAHAN TEAQ2,-16.77,NA,-122.8,NA,Results,Technicianm
406235,2018-06-02,FGS_B,HOMATHKO HOMA1,-18.55,NA,-138.9,NA,Results,Technicianm
406236,2018-06-02,FGS_B,CAMPCREEK WATERINTAKE,-16.32,NA,-118.8,NA,Results,Technicianm
406237,2018-06-02,FGS_B,SOUTHGATE SGTE3,-18.19,NA,-135.8,NA,Results,Technicianm
407711,2018-06-09,FGS_R,20954 OUTLET,-9.71,NA,-71.3,NA,Results,Technicianm
407710,2018-06-09,FGS_R,20952 OUTLET,-10.29,NA,-72,NA,Results,Technicianm
407712,2018-06-09,FGS_R,20947 OUTLET,-10.41,NA,-72.4,NA,Results,Technicianm
407713,2018-06-09,FGS_R,26812 OUTLET,-9.93,NA,-72.2,NA,Results,Technicianm
407714,2018-06-09,FGS_R,20940 OUTLET,-10.84,NA,-76.8,NA,Results,Technicianm
407715,2018-06-09,FGS_R,20938 OUTLET,-11.34,NA,-81.6,NA,Results,Technicianm
407716,2018-06-09,FGS_R,20727 OUTLET,-11.22,NA,-80.8,NA,Results,Technicianm
407717,2018-06-09,FGS_R,20726 OUTLET,-10.89,NA,-78.9,NA,Results,Technicianm
407718,2018-06-09,FGS_R,20741 OUTLET,-11.8,NA,-85,NA,Results,Technicianm
407719,2018-06-09,FGS_R,20747 OUTLET,-12.32,NA,-87.9,NA,Results,Technicianm
407709,2018-06-10,FGS_R,20722 OUTLET,-12.69,NA,-91.4,NA,Results,Technicianm
407703,2018-06-10,FGS_R,WANNOCK WR01,-15.49,NA,-114.5,NA,Results,Technicianm
407704,2018-06-10,FGS_R,20771K OUTLET,-13.94,NA,-101.9,NA,Results,Technicianm
407705,2018-06-10,FGS_R,20771C OUTLET,-14.07,NA,-102.3,NA,Results,Technicianm
407706,2018-06-10,FGS_R,WANNOCK WR02,-15.67,NA,-114.9,NA,Results,Technicianm
407707,2018-06-10,FGS_R,20718 OUTLET,-11.32,NA,-81.3,NA,Results,Technicianm
407708,2018-06-10,FGS_R,20720 OUTLET,-11.65,NA,-82.8,NA,Results,Technicianm
407722,2018-06-11,FGS_R,20612 OUTLET,-9.85,NA,-71.3,NA,Results,Technicianm
407724,2018-06-11,FGS_R,20623 OUTLET,-9.92,NA,-71.9,NA,Results,Technicianm
407721,2018-06-11,FGS_R,20642 OUTLET,-10.49,NA,-74.4,NA,Results,Technicianm
407720,2018-06-11,FGS_R,20643 OUTLET,-10.5,NA,-77.3,NA,Results,Technicianm
407723,2018-06-11,FGS_R,20613 OUTLET,-10.29,NA,-71.6,NA,Results,Technicianm
408284,2018-06-12,FGS_R,708 OUTLET,-8.98,NA,-67.1,NA,Results,Technicianm
408286,2018-06-12,FGS_R,703 OUTLET,-9.34,NA,-66.2,NA,Results,Technicianm
408285,2018-06-12,FGS_R,819 OUTLET,-9.18,NA,-65.1,NA,Results,Technicianm
408154,2018-06-13,FGS_Y,KOEYE KR01,-11.26,NA,-79.9,NA,Results,Technicianm
410780,2018-06-17,FGS,626 OUTLET,-7.61,NA,-57.8,NA,Results,Technicianm
410781,2018-06-17,FGS,693 OUTLET,-9.14,NA,-68,NA,Results,Technicianm
410782,2018-06-17,FGS,703 OUTLET,-9.65,NA,-68.5,NA,Results,Technicianm
410783,2018-06-17,FGS,708 OUTLET,-8.75,NA,-66,NA,Results,Technicianm
410784,2018-06-17,FGS,819 OUTLET,-9.3,NA,-66.8,NA,Results,Technicianm
410785,2018-06-17,FGS,844 OUTLET,-9.37,NA,-67.6,NA,Results,Technicianm
410786,2018-06-17,FGS,1015 OUTLET,-9.72,NA,-69.4,NA,Results,Technicianm
511136,2018-06-17,FGS,693 OUTLET,-9,NA,-66.5,NA,Results,Technicianm
511137,2018-06-17,FGS,693 OUTLET,-9,NA,-66.7,NA,Results,Technicianm
412812,2018-06-27,FGS_B,9257 OUTLET,-12.46,NA,-90,NA,Results,Technicianm
412813,2018-06-27,FGS_B,4745 OUTLET,-12.64,NA,-91.7,NA,Results,Technicianm
412814,2018-06-27,FGS_B,5005 OUTLET,-12.44,NA,-90.8,NA,Results,Technicianm
412815,2018-06-27,FGS_B,4767 OUTLET,-14.18,NA,-103.7,NA,Results,Technicianm
412816,2018-06-27,FGS_B,PARADISE PDSE1,-14.24,NA,-103.7,NA,Results,Technicianm
412817,2018-06-27,FGS_B,4968 OUTLET,-13.67,NA,-100.4,NA,Results,Technicianm
412818,2018-06-27,FGS_B,4809 OUTLET,-15.5,NA,-113.6,NA,Results,Technicianm
412819,2018-06-27,FGS_B,4829 OUTLET,-16.39,NA,-119.1,NA,Results,Technicianm
412821,2018-06-27,FGS_B,BEAR BEAR1,-16.35,NA,-118.4,NA,Results,Technicianm
412822,2018-06-27,FGS_B,4848 OUTLET,-15.95,NA,-117.9,NA,Results,Technicianm
412823,2018-06-27,FGS_B,4889 OUTLET,-14.99,NA,-108.9,NA,Results,Technicianm
412824,2018-06-27,FGS_B,SOUTHGATE SGTE2,-18.44,NA,-136.4,NA,Results,Technicianm
412825,2018-06-27,FGS_B,HOMATHKO HOMA1,-18.71,NA,-139,NA,Results,Technicianm
412826,2018-06-27,FGS_B,CAMPCREEK WATERINTAKE,-16.61,NA,-120.4,NA,Results,Technicianm
412797,2018-06-28,FGS_B,MELLERSH MELR1,-15.41,NA,-112,NA,Results,Technicianm
412798,2018-06-28,FGS_B,9572 OUTLET,-12.16,NA,-90.3,NA,Results,Technicianm
412800,2018-06-28,FGS_B,8395 OUTLET,-10.98,NA,-81.8,NA,Results,Technicianm
412799,2018-06-28,FGS_B,9265 OUTLET,-11.32,NA,-84.3,NA,Results,Technicianm
412801,2018-06-28,FGS_B,8405 OUTLET,-10.89,NA,-80.5,NA,Results,Technicianm
412955,2018-06-29,FGS_B,HYACINTHE HYAC1,-11.19,NA,-81.5,NA,Results,Technicianm
412956,2018-06-29,FGS_B,8407 OUTLET,-11.84,NA,-83.3,NA,Results,Technicianm
415981,2018-07-03,FGS_R,20613 OUTLET,-9.28,NA,-68.8,NA,Results,Technicianm
415980,2018-07-03,FGS_R,20612 OUTLET,-9.49,NA,-68.6,NA,Results,Technicianm
415982,2018-07-03,FGS_R,20623 OUTLET,-9.2,NA,-68.5,NA,Results,Technicianm
415983,2018-07-03,FGS_R,20642 OUTLET,-9.78,NA,-70.5,NA,Results,Technicianm
415984,2018-07-03,FGS_R,20643 OUTLET,-9.93,NA,-73.8,NA,Results,Technicianm
415985,2018-07-03,FGS_R,20718 OUTLET,-10.76,NA,-77.6,NA,Results,Technicianm
415986,2018-07-03,FGS_R,20720 OUTLET,-10.68,NA,-76.5,NA,Results,Technicianm
415987,2018-07-03,FGS_R,20771K OUTLET,-14,NA,-101.8,NA,Results,Technicianm
415988,2018-07-03,FGS_R,20771C OUTLET,-13.85,NA,-101.3,NA,Results,Technicianm
415761,2018-07-04,FGS_R,WANNOCK WR02,-15.93,NA,-117.5,NA,Results,Technicianm
415762,2018-07-04,FGS_R,20747 OUTLET,-11.86,NA,-86.4,NA,Results,Technicianm
415763,2018-07-04,FGS_R,20741 OUTLET,-11.77,NA,-85,NA,Results,Technicianm
415764,2018-07-04,FGS_R,20727 OUTLET,-10.99,NA,-79,NA,Results,Technicianm
415765,2018-07-04,FGS_R,20726 OUTLET,-10.48,NA,-76.5,NA,Results,Technicianm
415766,2018-07-04,FGS_R,20938 OUTLET,-10.66,NA,-77.3,NA,Results,Technicianm
415767,2018-07-04,FGS_R,20940 OUTLET,-10.51,NA,-75.2,NA,Results,Technicianm
415768,2018-07-04,FGS_R,20722 OUTLET,NA,MV,NA,MV,Results,Technicianm
415974,2018-07-05,FGS_R,20947 OUTLET,-9.96,NA,-70.2,NA,Results,Technicianm
415973,2018-07-05,FGS_R,26812 OUTLET,-9.08,NA,-68.4,NA,Results,Technicianm
415975,2018-07-05,FGS_R,20952 OUTLET,-9.39,NA,-67,NA,Results,Technicianm
415976,2018-07-05,FGS_R,20954 OUTLET,-9.26,NA,-69.7,NA,Results,Technicianm
415979,2018-07-05,FGS_R,703 OUTLET,-9.11,NA,-66,NA,Results,Technicianm
415977,2018-07-05,FGS_R,819 OUTLET,-8.96,NA,-64.7,NA,Results,Technicianm
415978,2018-07-05,FGS_R,708 OUTLET,-8.07,NA,-62.8,NA,Results,Technicianm
417482,2018-07-12,FGS_Y,KOEYE KR01,-11.08,NA,-79.5,NA,Results,Technicianm
417999,2018-07-17,FGS,626 OUTLET,NA,MV,NA,MV,Results,Technicianm
418000,2018-07-17,FGS,693 OUTLET,NA,MV,NA,MV,Results,Technicianm
418001,2018-07-17,FGS,703 OUTLET,NA,MV,NA,MV,Results,Technicianm
418002,2018-07-17,FGS,708 OUTLET,-7.35,AV,-60.8,AV,Results,Technicianm
418003,2018-07-17,FGS,819 OUTLET,NA,MV,NA,MV,Results,Technicianm
418003,2018-07-17,FGS,819 OUTLET,-8.57,NA,-64.3,NA,Results,Technicianm
418003,2018-07-17,FGS,819 OUTLET,NA,MV,NA,MV,Results,Technicianm
418004,2018-07-17,FGS,844 OUTLET,-9.13,NA,-67.3,NA,Results,Technicianm
418005,2018-07-17,FGS,1015 OUTLET,NA,MV,NA,MV,Results,Technicianm
420260,2018-07-24,FGS_B,4745 OUTLET,-12.87,NA,-93,NA,Results,Technicianm
420261,2018-07-24,FGS_B,5005 OUTLET,-12.15,NA,-89.1,NA,Results,Technicianm
420263,2018-07-24,FGS_B,PARADISE PDSE1,-14.23,NA,-103.7,NA,Results,Technicianm
420259,2018-07-24,FGS_B,9257 OUTLET,-12.21,NA,-88.5,NA,Results,Technicianm
420262,2018-07-24,FGS_B,4767 OUTLET,-14.05,NA,-103,NA,Results,Technicianm
420270,2018-07-25,FGS_B,4889 OUTLET,-14.56,NA,-106.6,NA,Results,Technicianm
420271,2018-07-25,FGS_B,4848 OUTLET,-16.09,NA,-118.7,NA,Results,Technicianm
420272,2018-07-25,FGS_B,BEAR BEAR1,NA,MV,NA,MV,Results,Technicianm
420273,2018-07-25,FGS_B,4914 OUTLET,-15.23,NA,-111.8,NA,Results,Technicianm
420274,2018-07-25,FGS_B,MELLERSH MELR1,-14.82,NA,-107.7,NA,Results,Technicianm
420275,2018-07-25,FGS_B,4829 OUTLET,-16.16,NA,-118.7,NA,Results,Technicianm
420276,2018-07-25,FGS_B,4809 OUTLET,-14.19,NA,-106.7,NA,Results,Technicianm
420277,2018-07-26,FGS_B,4968 OUTLET,-13.45,NA,-99.2,NA,Results,Technicianm
420264,2018-07-26,FGS_B,8407 OUTLET,-11.74,NA,-83.4,NA,Results,Technicianm
420265,2018-07-26,FGS_B,8405 OUTLET,-10.42,NA,-79.1,NA,Results,Technicianm
420266,2018-07-26,FGS_B,9265 OUTLET,-10.45,NA,-80.2,NA,Results,Technicianm
420267,2018-07-26,FGS_B,8395 OUTLET,-11.05,NA,-82.2,NA,Results,Technicianm
420268,2018-07-26,FGS_B,9572 OUTLET,-11.46,NA,-87.3,NA,Results,Technicianm
420269,2018-07-26,FGS_B,HYACINTHE HYAC1,-11.09,NA,-80.6,NA,Results,Technicianm
422160,2018-07-27,FGS_R,NONE GLC1,-13.81,NA,-99.9,NA,Results,Technicianm
422160,2018-07-27,FGS_R,NONE GLC1,-13.74,NA,-99.7,NA,Results,Technicianm
422160,2018-07-27,FGS_R,NONE GLC1,-13.75,NA,-99.9,NA,Results,Technicianm
421751,2018-07-31,FGS_B,HOMATHKO HOMA1,-17.88,NA,-133,NA,Results,Technicianm
421751,2018-07-31,FGS_B,HOMATHKO HOMA1,-17.87,NA,-133.1,NA,Results,Technicianm
421750,2018-07-31,FGS_B,CAMPCREEK WATERINTAKE,-16,NA,-116.2,NA,Results,Technicianm
433053,2018-07-31,FGS_B,4791 TRIB1US,-14.03,NA,-102.8,NA,Results,Technicianm
433055,2018-07-31,FGS_B,4791 TRIB1DS,-14.25,NA,-103.5,NA,Results,Technicianm
433049,2018-07-31,FGS_B,4791 TOWER2,-15.73,NA,-115,NA,Results,Technicianm
422136,2018-08-04,FGS_R,20623 OUTLET,-7.78,NA,-62.7,NA,Results,Technicianm
422135,2018-08-04,FGS_R,20612 OUTLET,-9.74,NA,-69.1,NA,Results,Technicianm
422137,2018-08-04,FGS_R,20642 OUTLET,-9.52,NA,-70.1,NA,Results,Technicianm
422138,2018-08-04,FGS_R,20643 OUTLET,-8.64,NA,-67.4,NA,Results,Technicianm
422139,2018-08-04,FGS_R,20718 OUTLET,-11.04,NA,-79.7,NA,Results,Technicianm
422140,2018-08-04,FGS_R,20720 OUTLET,-10.42,NA,-75.7,NA,Results,Technicianm
422142,2018-08-04,FGS_R,20947 OUTLET,-10.34,NA,-71.9,NA,Results,Technicianm
422141,2018-08-04,FGS_R,26812 OUTLET,-8.37,NA,-65.8,NA,Results,Technicianm
422143,2018-08-04,FGS_R,20722 OUTLET,-11.59,NA,-84.9,NA,Results,Technicianm
422146,2018-08-05,FGS_R,20727 OUTLET,-11.24,NA,-81.9,NA,Results,Technicianm
422145,2018-08-05,FGS_R,20726 OUTLET,-10.6,NA,-77.4,NA,Results,Technicianm
428502,2018-08-05,FGS_R,20741 OUTLET,-12.1,NA,-87.1,NA,Results,Technicianm
422152,2018-08-05,FGS_R,20747 OUTLET,-12.14,NA,-87.7,NA,Results,Technicianm
428504,2018-08-05,FGS_R,20938 OUTLET,-9.56,NA,-72.6,NA,Results,Technicianm
422149,2018-08-05,FGS_R,20940 OUTLET,-10.46,NA,-75.3,NA,Results,Technicianm
422150,2018-08-05,FGS_R,20952 OUTLET,-9.92,NA,-69.3,NA,Results,Technicianm
422151,2018-08-05,FGS_R,20954 OUTLET,-8.48,NA,-65.2,NA,Results,Technicianm
422154,2018-08-06,FGS_R,20771C OUTLET,-14.55,NA,-103.6,NA,Results,Technicianm
422153,2018-08-06,FGS_R,20771K OUTLET,-14.51,NA,-105.9,NA,Results,Technicianm
422156,2018-08-06,FGS_R,WANNOCK WR01,-16.11,NA,-118.9,NA,Results,Technicianm
422155,2018-08-06,FGS_R,WANNOCK WR02,-15.91,NA,-118.2,NA,Results,Technicianm
422157,2018-08-06,FGS_R,703 OUTLET,-9.2,NA,-67.1,NA,Results,Technicianm
422158,2018-08-06,FGS_R,819 OUTLET,-7.87,NA,-59.7,NA,Results,Technicianm
422159,2018-08-06,FGS_R,708 OUTLET,-6.71,NA,-55.7,NA,Results,Technicianm
422058,2018-08-09,FGS_Y,KOEYE KR01,-10.21,NA,-75.3,NA,Results,Technicianm
435235,2018-08-20,FGS_KN,5209 HEYD1,-12.5,NA,-89.1,NA,Results,Technicianm
435236,2018-08-21,FGS_KN,5299 TUNA1,-9.51,NA,-75.5,NA,Results,Technicianm
435237,2018-08-22,FGS_KN,5881 LULL1,-12.58,NA,-90.5,NA,Results,Technicianm
435238,2018-08-23,FGS_KN,5559 GLEN2,-12.17,NA,-87.5,NA,Results,Technicianm
435240,2018-08-23,FGS_KN,5559 TOMB1,-11.56,NA,-86,NA,Results,Technicianm
435239,2018-08-23,FGS_KN,5559 GLEN1,-12.08,NA,-86.7,NA,Results,Technicianm
435241,2018-08-24,FGS_KN,5322 FULL1,-11.06,NA,-82.2,NA,Results,Technicianm
427434,2018-08-26,FGS,626 OUTLET,NA,MV,NA,MV,Results,Technicianm
427435,2018-08-26,FGS,626 OUTLET,-4.94,NA,-46.4,NA,Results,Technicianm
427436,2018-08-26,FGS,626 OUTLET,-5,NA,-46.4,NA,Results,Technicianm
427437,2018-08-26,FGS,693 OUTLET,-6.68,SVC,-53.1,SVC,Results,Technicianm
427438,2018-08-26,FGS,703 OUTLET,-9.26,NA,-66.6,NA,Results,Technicianm
427439,2018-08-26,FGS,708 OUTLET,-5.36,NA,-49.3,NA,Results,Technicianm
427440,2018-08-26,FGS,819 OUTLET,-7.45,NA,-56.4,NA,Results,Technicianm
427441,2018-08-26,FGS,844 OUTLET,-6.58,NA,-54.7,NA,Results,Technicianm
427442,2018-08-26,FGS,1015 OUTLET,-6.74,NA,-56.6,NA,Results,Technicianm
427428,2018-08-26,FGS_B,4745 OUTLET,-12.85,NA,-93.2,NA,Results,Technicianm
427429,2018-08-26,FGS_B,5005 OUTLET,-12.19,NA,-88.9,NA,Results,Technicianm
427430,2018-08-26,FGS_B,4767 OUTLET,-13.87,NA,-100.8,NA,Results,Technicianm
427431,2018-08-26,FGS_B,PARADISE PDSE1,-13.61,NA,-99.4,NA,Results,Technicianm
427432,2018-08-26,FGS_B,8405 OUTLET,-10.01,NA,-77,NA,Results,Technicianm
427433,2018-08-26,FGS_B,4809 OUTLET,-13.48,NA,-100.7,NA,Results,Technicianm
427427,2018-08-26,FGS_B,9257 OUTLET,-12.22,NA,-88.5,NA,Results,Technicianm
429127,2018-08-29,FGS_B,HOMATHKO HOMA3,-17.36,NA,-129.8,NA,Results,Technicianm
429128,2018-08-29,FGS_B,HOMATHKO HOMA1,-17.27,NA,-130.1,NA,Results,Technicianm
429131,2018-08-29,FGS_B,MELLERSH MELR1,-13.91,NA,-102.4,NA,Results,Technicianm
429129,2018-08-29,FGS_B,SOUTHGATE SGTE3,-17.57,NA,-129.8,NA,Results,Technicianm
429130,2018-08-29,FGS_B,4829 OUTLET,-17.13,NA,-123.8,NA,Results,Technicianm
429127,2018-08-29,FGS_B,HOMATHKO HOMA3,-18.05,NA,-131.1,NA,Results,Technicianm
429128,2018-08-29,FGS_B,HOMATHKO HOMA1,-18.18,NA,-131.8,NA,Results,Technicianm
3320298,2018-08-30,FGS_B,HYACINTHE HYAC1,-11.04,NA,-80,NA,Results,Technicianm
428009,2018-08-30,FGS_B,8407 OUTLET,-12.26,NA,-83.5,NA,Results,Technicianm
428228,2018-09-03,FGS_R,20623 OUTLET,-7.37,NA,-58.7,NA,Results,Technicianm
428229,2018-09-03,FGS_R,20643 OUTLET,-8.91,NA,-67.4,NA,Results,Technicianm
428230,2018-09-03,FGS_R,20718 OUTLET,-10.57,NA,-73.4,NA,Results,Technicianm
428231,2018-09-03,FGS_R,26812 OUTLET,-8.51,NA,-65.3,NA,Results,Technicianm
428233,2018-09-03,FGS_R,20722 OUTLET,-11.11,NA,-79.8,NA,Results,Technicianm
428234,2018-09-03,FGS_R,20952 OUTLET,-9,NA,-64.7,NA,Results,Technicianm
428232,2018-09-03,FGS_R,20940 OUTLET,-9.77,NA,-69.2,NA,Results,Technicianm
428224,2018-09-04,FGS_R,20741 OUTLET,-10.98,NA,-79.6,NA,Results,Technicianm
428221,2018-09-04,FGS_R,20771C OUTLET,-13.11,NA,-94.4,NA,Results,Technicianm
428220,2018-09-04,FGS_R,20771K OUTLET,-13.34,NA,-96.5,NA,Results,Technicianm
428222,2018-09-04,FGS_R,WANNOCK WR01,-16.1,NA,-118.4,NA,Results,Technicianm
428223,2018-09-04,FGS_R,WANNOCK WR02,NA,MV,NA,MV,Results,Technicianm
428225,2018-09-04,FGS_R,703 OUTLET,-7.79,NA,-58.6,NA,Results,Technicianm
428226,2018-09-04,FGS_R,819 OUTLET,-8.48,SVC,-61.4,SVC,Results,Technicianm
428227,2018-09-04,FGS_R,708 OUTLET,-8,NA,-58.7,NA,Results,Technicianm
428256,2018-09-05,FGS_Y,KOEYE KR01,-10.65,NA,-76.3,NA,Results,Technicianm
432204,2018-09-19,FGS,626 OUTLET,-7.83,NA,-59.6,NA,Results,Technicianm
432205,2018-09-19,FGS,693 OUTLET,-8.65,NA,-64.7,NA,Results,Technicianm
432205,2018-09-19,FGS,693 OUTLET,NA,MV,NA,MV,Results,Technicianm
432205,2018-09-19,FGS,693 OUTLET,-8.86,NA,-65.3,NA,Results,Technicianm
432206,2018-09-19,FGS,703 OUTLET,-9.72,NA,-69.7,NA,Results,Technicianm
432207,2018-09-19,FGS,708 OUTLET,-8.25,NA,-62.7,NA,Results,Technicianm
432208,2018-09-19,FGS,819 OUTLET,-9.47,NA,-68,NA,Results,Technicianm
432209,2018-09-19,FGS,844 OUTLET,NA,MV,NA,MV,Results,Technicianm
432210,2018-09-19,FGS,1015 OUTLET,-8.45,NA,-63.8,NA,Results,Technicianm
432603,2018-09-19,FGS_B,4767 OUTLET,-13.53,NA,-101.3,NA,Results,Technicianm
432601,2018-09-19,FGS_B,PARADISE PDSE1,-13.6,NA,-102.3,NA,Results,Technicianm
432602,2018-09-19,FGS_B,4968 OUTLET,-12.41,NA,-97.3,NA,Results,Technicianm
432610,2018-09-19,FGS_B,4809 OUTLET,-14.06,NA,-109,NA,Results,Technicianm
432604,2018-09-19,FGS_B,4829 OUTLET,-15.5,NA,-115.9,NA,Results,Technicianm
432605,2018-09-19,FGS_B,MELLERSH MELR1,-16.38,NA,-112.3,NA,Results,Technicianm
432606,2018-09-19,FGS_B,4914 OUTLET,-16.52,NA,-113.9,NA,Results,Technicianm
432607,2018-09-19,FGS_B,4848 OUTLET,-16.34,NA,-116.3,NA,Results,Technicianm
432612,2018-09-19,FGS_B,4889 OUTLET,-15.39,NA,-110.7,NA,Results,Technicianm
432611,2018-09-19,FGS_B,SOUTHGATE SGTE2,-17.66,NA,-130.6,NA,Results,Technicianm
432609,2018-09-19,FGS_B,HOMATHKO HOMA1,-17.85,NA,-133.8,NA,Results,Technicianm
432608,2018-09-19,FGS_B,CAMPCREEK WATERINTAKE,-16.2,NA,-118.7,NA,Results,Technicianm
432621,2018-09-20,FGS_B,4791 TOWER2,-15.49,NA,-114.4,NA,Results,Technicianm
432624,2018-09-20,FGS_B,9257 OUTLET,-13.31,NA,-96.8,NA,Results,Technicianm
437014,2018-09-20,FGS_B,BEAR BEAR1,-16.96,NA,-118.2,NA,Results,Technicianm
432620,2018-09-20,FGS_B,5005 OUTLET,-13.19,NA,-95.9,NA,Results,Technicianm
432623,2018-09-20,FGS_B,4791 TRIB1US,-15.09,NA,-107.1,NA,Results,Technicianm
432622,2018-09-20,FGS_B,4791 TRIB1DS,-14.57,NA,-106,NA,Results,Technicianm
432619,2018-09-20,FGS_B,4745 OUTLET,-13.66,NA,-97.3,NA,Results,Technicianm
432616,2018-09-21,FGS_B,8395 OUTLET,-12.28,NA,-90.4,NA,Results,Technicianm
432614,2018-09-21,FGS_B,9572 OUTLET,-12.27,NA,-91,NA,Results,Technicianm
432617,2018-09-21,FGS_B,HYACINTHE HYAC1,-12.8,NA,-90.9,NA,Results,Technicianm
432618,2018-09-21,FGS_B,8407 OUTLET,-11.83,NA,-86.2,NA,Results,Technicianm
432615,2018-09-21,FGS_B,8405 OUTLET,-11.24,NA,-83.6,NA,Results,Technicianm
432613,2018-09-21,FGS_B,9265 OUTLET,-13.35,NA,-96,NA,Results,Technicianm
436987,2018-09-25,FGS_KN,5209 HEYD2,-10.93,NA,-81.6,NA,Results,Technicianm
436988,2018-09-27,FGS_KN,5881 LULL1,-12.26,NA,-89.5,NA,Results,Technician
435752,2018-10-12,FGS_R,20643 OUTLET,-10.68,NA,-77.7,NA,Results,Technicianm
435753,2018-10-12,FGS_R,20722 OUTLET,-11.64,NA,-84.6,NA,Results,Technicianm
435754,2018-10-12,FGS_R,20741 OUTLET,-12.04,NA,-86.7,NA,Results,Technicianm
435755,2018-10-12,FGS_R,WANNOCK WR01,-15.98,NA,-117.1,NA,Results,Technicianm
435756,2018-10-12,FGS_R,WANNOCK WR02,-16.01,NA,-117,NA,Results,Technicianm
435757,2018-10-12,FGS_R,20771C OUTLET,-13.05,NA,-92.8,NA,Results,Technicianm
435758,2018-10-12,FGS_R,20771K OUTLET,-13.03,NA,-93,NA,Results,Technicianm
435748,2018-10-13,FGS_R,20952 OUTLET,-10.84,NA,-73.4,NA,Results,Technicianm
435747,2018-10-13,FGS_R,26812 OUTLET,-10.28,NA,-72.9,NA,Results,Technicianm
435750,2018-10-13,FGS_R,819 OUTLET,-9.23,NA,-67.5,NA,Results,Technicianm
435749,2018-10-13,FGS_R,703 OUTLET,-9.15,NA,-66.3,NA,Results,Technicianm
435751,2018-10-13,FGS_R,708 OUTLET,-7.83,NA,-61.6,NA,Results,Technicianm
435759,2018-10-14,FGS_R,26468 OUTLET,-9.35,NA,-68.7,NA,Results,Technicianm
435761,2018-10-14,FGS_R,26410 OUTLET,-8.32,NA,-60.5,NA,Results,Technicianm
435760,2018-10-14,FGS_Y,KOEYE KR01,-10.6,NA,-76.8,NA,Results,Technicianm
439487,2018-10-23,FGS_B,4767 OUTLET,-15,NA,-104.1,NA,Results,Technicianm
439488,2018-10-23,FGS_B,PARADISE PDSE1,-15.16,NA,-105.1,NA,Results,Technicianm
439490,2018-10-23,FGS_B,4968 OUTLET,-14.85,NA,-103.1,NA,Results,Technicianm
439489,2018-10-23,FGS_B,4829 OUTLET,-14.14,NA,-110.1,NA,Results,Technicianm
439491,2018-10-23,FGS_B,4809 OUTLET,-13.74,NA,-104.6,NA,Results,Technicianm
439492,2018-10-23,FGS_B,MELLERSH MELR1,-13.62,NA,-106.1,NA,Results,Technicianm
439493,2018-10-23,FGS_B,4914 OUTLET,-16.48,NA,-113.3,NA,Results,Technicianm
439494,2018-10-23,FGS_B,BEAR BEAR1,-16.97,NA,-116.1,NA,Results,Technicianm
439495,2018-10-23,FGS_B,4848 OUTLET,-16.02,NA,-113.3,NA,Results,Technicianm
439496,2018-10-23,FGS_B,SOUTHGATE SGTE1,-17.78,NA,-129.8,NA,Results,Technicianm
439497,2018-10-23,FGS_B,HOMATHKO HOMA1,-17.44,NA,-132.9,NA,Results,Technicianm
439497,2018-10-23,FGS_B,HOMATHKO HOMA1,-17.2,NA,-133.2,NA,Results,Technicianm
439507,2018-10-24,FGS_B,4791 TOWER2,-13.72,NA,-106.7,NA,Results,Technicianm
439504,2018-10-24,FGS_B,4889 OUTLET,-14.15,NA,-107.6,NA,Results,Technicianm
439509,2018-10-24,FGS_B,4791 TRIB1US,-13.68,NA,-102.9,NA,Results,Technicianm
439508,2018-10-24,FGS_B,4791 TRIB1DS,-13.68,NA,-102.9,NA,Results,Technicianm
439505,2018-10-24,FGS_B,5005 OUTLET,-12.61,NA,-93.4,NA,Results,Technicianm
439506,2018-10-24,FGS_B,4745 OUTLET,-12.89,NA,-93.3,NA,Results,Technicianm
439510,2018-10-24,FGS_B,9257 OUTLET,-13.21,NA,-93,NA,Results,Technicianm
439481,2018-10-25,FGS_B,HYACINTHE HYAC1,-10.45,NA,-78.1,NA,Results,Technicianm
439485,2018-10-25,FGS_B,9572 OUTLET,-12.18,NA,-88.3,NA,Results,Technicianm
439483,2018-10-25,FGS_B,8395 OUTLET,-11.67,NA,-83,NA,Results,Technicianm
439484,2018-10-25,FGS_B,9265 OUTLET,-12.12,NA,-86.3,NA,Results,Technicianm
439486,2018-10-25,FGS_B,8405 OUTLET,-11.03,NA,-82.2,NA,Results,Technicianm
439482,2018-10-25,FGS_B,8407 OUTLET,-11.38,NA,-82.7,NA,Results,Technicianm
439641,2018-10-26,FGS,693 OUTLET,-9.36,NA,-68.4,NA,Results,Technicianm
439642,2018-10-26,FGS,703 OUTLET,NA,MV,NA,MV,Results,Technicianm
439643,2018-10-26,FGS,708 OUTLET,-8.43,NA,-63,NA,Results,Technicianm
439644,2018-10-26,FGS,819 OUTLET,-9.1,NA,-65.4,NA,Results,Technicianm
439645,2018-10-26,FGS,844 OUTLET,-9.24,NA,-66.1,NA,Results,Technicianm
439647,2018-10-26,FGS,844 OUTLET,-9.19,NA,-65.7,NA,Results,Technicianm
439648,2018-10-26,FGS,844 OUTLET,-9.19,NA,-65.6,NA,Results,Technicianm
439646,2018-10-26,FGS,1015 OUTLET,-8.58,NA,-64.1,NA,Results,Technicianm
439649,2018-10-27,FGS,626 OUTLET,-7.84,NA,-58.5,NA,Results,Technicianm
444732,2018-11-14,FGS_R,26410 OUTLET,-9.02,NA,-65.5,NA,Results,Technicianm
445429,2018-11-14,FGS_Y,KOEYE KR01,-10.88,NA,-77.2,NA,Results,Technicianm
445439,2018-11-16,FGS_R,703 OUTLET,-9.53,NA,-67.4,NA,Results,Technicianm
445438,2018-11-16,FGS_R,819 OUTLET,-9.54,NA,-67.9,NA,Results,Technicianm
445440,2018-11-16,FGS_R,26468 OUTLET,-9.6,NA,-68.1,NA,Results,Technicianm
445441,2018-11-16,FGS_R,20643 OUTLET,-10.83,NA,-79.3,NA,Results,Technicianm
445442,2018-11-16,FGS_R,26812 OUTLET,-10.35,NA,-76,NA,Results,Technicianm
445443,2018-11-16,FGS_R,20952 OUTLET,-10.56,NA,-74.2,NA,Results,Technicianm
445445,2018-11-16,FGS_R,20722 OUTLET,-12.09,NA,-87.7,NA,Results,Technicianm
445444,2018-11-16,FGS_R,20940 OUTLET,-10.97,NA,-76.8,NA,Results,Technicianm
445453,2018-11-17,FGS_R,20741 OUTLET,-12.02,NA,-86.1,NA,Results,Technicianm
445452,2018-11-17,FGS_R,20771K OUTLET,-13.26,NA,-96,NA,Results,Technicianm
445446,2018-11-17,FGS_R,20771C OUTLET,-13.35,NA,-96.6,NA,Results,Technicianm
445447,2018-11-17,FGS_R,WANNOCK WR02,-15.59,NA,-114.9,NA,Results,Technicianm
445451,2018-11-17,FGS_R,WANNOCK WR01,-15.54,NA,-114.5,NA,Results,Technicianm
445450,2018-11-17,FGS_R,708 OUTLET,-8.33,NA,-63.6,NA,Results,Technicianm
447382,2018-11-20,FGS,626 OUTLET,-8.91,NA,-65,NA,Results,Technicianm
447383,2018-11-20,FGS,693 OUTLET,NA,MV,NA,MV,Results,Technicianm
447384,2018-11-20,FGS,703 OUTLET,-9.69,NA,-68.6,NA,Results,Technicianm
447385,2018-11-20,FGS,708 OUTLET,NA,MV,NA,MV,Results,Technicianm
447381,2018-11-20,FGS,819 OUTLET,NA,MV,NA,MV,Results,Technicianm
447386,2018-11-20,FGS,844 OUTLET,-9.67,NA,-69.6,NA,Results,Technicianm
447388,2018-11-20,FGS,844 OUTLET,-9.67,NA,-69.7,NA,Results,Technicianm
447389,2018-11-20,FGS,844 OUTLET,-9.72,NA,-70.1,NA,Results,Technicianm
447387,2018-11-20,FGS,1015 OUTLET,-9.08,NA,-67,NA,Results,Technicianm
448952,2018-11-26,FGS_B,HYACINTHE HYAC1,-10.71,NA,-74.1,NA,Results,Technicianm
448955,2018-11-26,FGS_B,8407 OUTLET,NA,MV,NA,MV,Results,Technicianm
448993,2018-11-27,FGS_B,BEAR BEAR1,-15.94,NA,-116.9,NA,Results,Technicianm
448994,2018-11-27,FGS_B,4889 OUTLET,NA,MV,NA,MV,Results,Technicianm
448995,2018-11-27,FGS_B,HOMATHKO HOMA1,-16.89,NA,-129,NA,Results,Technicianm
448995,2018-11-27,FGS_B,HOMATHKO HOMA1,-17.21,NA,-130.2,NA,Results,Technicianm
448992,2018-11-27,FGS_B,4848 OUTLET,-15.38,NA,-114.4,NA,Results,Technicianm
448991,2018-11-27,FGS_B,4914 OUTLET,-15.44,NA,-114,NA,Results,Technicianm
448990,2018-11-27,FGS_B,MELLERSH MELR1,-15.4,NA,-113.8,NA,Results,Technicianm
448989,2018-11-27,FGS_B,4829 OUTLET,NA,MV,NA,MV,Results,Technicianm
448987,2018-11-27,FGS_B,4767 OUTLET,NA,MV,NA,MV,Results,Technicianm
448988,2018-11-27,FGS_B,PARADISE PDSE1,-15.05,NA,-110,NA,Results,Technicianm
448999,2018-11-28,FGS_B,SOUTHGATE SGTE1,-17.02,NA,-127.3,NA,Results,Technicianm
448998,2018-11-28,FGS_B,CAMPCREEK WATERINTAKE,-15.47,NA,-112.9,NA,Results,Technicianm
449004,2018-11-28,FGS_B,4791 TRIB1DS,-14.47,NA,-106.1,NA,Results,Technicianm
449002,2018-11-28,FGS_B,4791 TOWER2,-14.91,NA,-109.7,NA,Results,Technicianm
449003,2018-11-28,FGS_B,4791 TRIB1US,-13.95,NA,-104.4,NA,Results,Technicianm
449005,2018-11-28,FGS_B,5005 OUTLET,-12.63,NA,-90.4,NA,Results,Technicianm
449006,2018-11-28,FGS_B,4745 OUTLET,-12.66,NA,-92.1,NA,Results,Technicianm
449007,2018-11-28,FGS_B,9257 OUTLET,-11.52,NA,-83.1,NA,Results,Technicianm
449281,2018-11-29,FGS_B,9572 OUTLET,NA,MV,NA,MV,Results,Technicianm
449280,2018-11-29,FGS_B,8395 OUTLET,NA,MV,NA,MV,Results,Technicianm
449282,2018-11-29,FGS_B,9265 OUTLET,-11.38,NA,-83.3,NA,Results,Technicianm
449279,2018-11-29,FGS_B,8405 OUTLET,-10.88,NA,-81.5,NA,Results,Technicianm
457517,2019-01-14,FGS_R,708 OUTLET,-10.39,NA,-75.9,NA,Results,Technicianm
457508,2019-01-15,FGS_R,WANNOCK WR01,-15.13,NA,-111.5,NA,Results,Technicianm
457503,2019-01-15,FGS_R,703 OUTLET,-11.03,NA,-78.5,NA,Results,Technicianm
457504,2019-01-15,FGS_R,26468 OUTLET,-11.18,NA,-80.5,NA,Results,Technicianm
457505,2019-01-15,FGS_R,20952 OUTLET,-10.96,NA,-76.7,NA,Results,Technicianm
457506,2019-01-15,FGS_R,20722 OUTLET,-12.32,NA,-88.8,NA,Results,Technicianm
457507,2019-01-15,FGS_R,20643 OUTLET,-11.36,NA,-82.4,NA,Results,Technicianm
457509,2019-01-15,FGS_R,WANNOCK WR02,-15.3,NA,-112.9,NA,Results,Technicianm
457511,2019-01-15,FGS_R,20771C OUTLET,-14.3,NA,-104,NA,Results,Technicianm
457510,2019-01-15,FGS_R,20771K OUTLET,-14.21,NA,-103.3,NA,Results,Technicianm
457519,2019-01-17,FGS_R,26410 OUTLET,-10.41,NA,-76.2,NA,Results,Technicianm
458853,2019-01-22,FGS,626 OUTLET,-10.23,NA,-76.8,NA,Results,Technicianm
458855,2019-01-22,FGS,693 OUTLET,-11.32,NA,-81.9,NA,Results,Technicianm
458854,2019-01-22,FGS,703 OUTLET,-11,NA,-79.6,NA,Results,Technicianm
458854,2019-01-22,FGS,703 OUTLET,-10.97,NA,-79.5,NA,Results,Technicianm
458854,2019-01-22,FGS,703 OUTLET,-11,NA,-79.4,NA,Results,Technicianm
458856,2019-01-22,FGS,708 OUTLET,-10.36,NA,-76.5,NA,Results,Technicianm
458857,2019-01-22,FGS,819 OUTLET,-10.81,NA,-78.3,NA,Results,Technicianm
458858,2019-01-22,FGS,844 OUTLET,-11.04,NA,-80.1,NA,Results,Technicianm
458852,2019-01-22,FGS,1015 OUTLET,-10.37,NA,-75.5,NA,Results,Technicianm
460108,2019-01-28,FGS_B,HOMATHKO HOMA1,-17.04,SVC,-128.9,SVC,Results,Technicianm
460108,2019-01-28,FGS_B,HOMATHKO HOMA1,-17.18,SVC,-129.5,SVC,Results,Technicianm
460111,2019-01-28,FGS_B,SOUTHGATE SGTE1,-17.1,NA,-126.8,NA,Results,Technicianm
460114,2019-01-28,FGS_B,4889 OUTLET,NA,MV,NA,MV,Results,Technicianm
460115,2019-01-28,FGS_B,BEAR BEAR1,NA,MV,NA,MV,Results,Technicianm
460116,2019-01-28,FGS_B,MELLERSH MELR1,-15.23,NA,-110.2,NA,Results,Technicianm
460117,2019-01-28,FGS_B,4829 OUTLET,-15.33,NA,-111.5,NA,Results,Technicianm
460083,2019-01-29,FGS_B,4791 TOWER2,-15.18,NA,-110.7,NA,Results,Technicianm
460082,2019-01-29,FGS_B,4791 TRIB1US,-14.69,NA,-106.2,NA,Results,Technicianm
460081,2019-01-29,FGS_B,4791 TRIB1DS,-14.44,NA,-105.6,NA,Results,Technicianm
460084,2019-01-29,FGS_B,PARADISE PDSE1,NA,MV,NA,MV,Results,Technicianm
460085,2019-01-29,FGS_B,4767 OUTLET,NA,MV,NA,MV,Results,Technicianm
460087,2019-01-29,FGS_B,4745 OUTLET,NA,MV,NA,MV,Results,Technicianm
460086,2019-01-29,FGS_B,5005 OUTLET,NA,MV,NA,MV,Results,Technicianm
460090,2019-01-29,FGS_B,9257 OUTLET,NA,MV,NA,MV,Results,Technicianm
460091,2019-01-30,FGS_B,9572 OUTLET,NA,MV,NA,MV,Results,Technicianm
460092,2019-01-30,FGS_B,8395 OUTLET,NA,MV,NA,MV,Results,Technicianm
460093,2019-01-30,FGS_B,9265 OUTLET,NA,MV,NA,MV,Results,Technicianm
460094,2019-01-30,FGS_B,8405 OUTLET,NA,MV,NA,MV,Results,Technicianm
460121,2019-01-31,FGS_B,8407 OUTLET,-11.49,NA,-82.4,NA,Results,Technicianm
460118,2019-01-31,FGS_B,HYACINTHE HYAC1,NA,MV,NA,MV,Results,Technicianm
502532,2019-02-06,FGS_KN,5299 TUNA1,-10.39,NA,-78.8,NA,Results,Technicianm
471105,2019-02-16,FGS_R,26410 OUTLET,-10.52,NA,-76.3,NA,Results,Technicianm
472414,2019-02-17,FGS,626 OUTLET,NA,NA,NA,NA,Not Available,Technicianm
472416,2019-02-17,FGS,693 OUTLET,-11.37,NA,-82.6,NA,Results,Technicianm
472419,2019-02-17,FGS,844 OUTLET,-10.99,NA,-79.1,NA,Results,Technicianm
472420,2019-02-17,FGS,1015 OUTLET,-10.33,NA,-75.2,NA,Results,Technicianm
472415,2019-02-17,"FGS,FGS_R",703 OUTLET,-10.95,NA,-78.5,NA,Results,Technicianm
472418,2019-02-17,"FGS,FGS_R",819 OUTLET,-10.76,NA,-77.7,NA,Results,Technicianm
472417,2019-02-17,"FGS_R,FGS",708 OUTLET,-10.25,NA,-76.4,NA,Results,Technicianm
472417,2019-02-17,"FGS_R,FGS",708 OUTLET,-10.31,NA,-76,NA,Results,Technicianm
472417,2019-02-17,"FGS_R,FGS",708 OUTLET,-10.26,NA,-75.8,NA,Results,Technicianm
471554,2019-02-18,FGS_R,20952 OUTLET,-10.98,NA,-76.4,NA,Results,Technicianm
471560,2019-02-18,FGS_R,20940 OUTLET,-11.71,NA,-82.8,NA,Results,Technicianm
471555,2019-02-18,FGS_R,20741 OUTLET,-12.84,NA,-92.2,NA,Results,Technicianm
471556,2019-02-18,FGS_R,WANNOCK WR02,-15.29,SVC,-112.3,SVC,Results,Technicianm
471557,2019-02-18,FGS_R,WANNOCK WR01,-14.93,SVC,-109.7,SVC,Results,Technicianm
471553,2019-02-18,FGS_R,20722 OUTLET,-12.49,NA,-89.5,NA,Results,Technicianm
471552,2019-02-19,FGS_R,26468 OUTLET,-11.15,NA,-79.8,NA,Results,Technicianm
473842,2019-02-21,FGS_Y,KOEYE KR01,-11.79,NA,-82.9,NA,Results,Technicianm
474860,2019-02-25,FGS_B,8407 OUTLET,-12.05,NA,-84.3,NA,Results,Technicianm
474861,2019-02-25,FGS_B,HYACINTHE HYAC1,-12.05,NA,-83.8,NA,Results,Technicianm
475981,2019-02-26,FGS_B,8405 OUTLET,-3.17,NA,-66.8,NA,Results,Technicianm
475979,2019-02-26,FGS_B,8395 OUTLET,-12.4,NA,-87.9,NA,Results,Technicianm
475980,2019-02-26,FGS_B,9265 OUTLET,-12.88,NA,-92.7,NA,Results,Technicianm
475978,2019-02-26,FGS_B,9572 OUTLET,-12.67,NA,-90.8,NA,Results,Technicianm
511127,2019-03-14,FGS,693 OUTLET,-11.48,NA,-82.8,NA,Results,Technicianm
511128,2019-03-14,FGS,703 OUTLET,-11.17,NA,-80.7,NA,Results,Technicianm
511129,2019-03-14,FGS,708 OUTLET,-10.66,NA,-78.4,NA,Results,Technicianm
511130,2019-03-14,FGS,819 OUTLET,-11.02,NA,-78.6,NA,Results,Technicianm
511131,2019-03-14,FGS,844 OUTLET,-11.05,NA,-79.6,NA,Results,Technicianm
511132,2019-03-14,FGS,1015 OUTLET,-10.69,NA,-76.4,NA,Results,Technicianm
511133,2019-03-16,FGS,626 OUTLET,-10.06,NA,-37.9,NA,Results,Technicianm
511133,2019-03-16,FGS,626 OUTLET,-10.68,NA,-76.6,NA,Results,Technicianm
511133,2019-03-16,FGS,626 OUTLET,-10.7,NA,-76.4,NA,Results,Technicianm
504767,2019-03-25,FGS_B,9572 OUTLET,-12.66,NA,-90.5,NA,Results,Technicianm
504766,2019-03-25,FGS_B,8395 OUTLET,-12.36,NA,-87.8,NA,Results,Technicianm
504768,2019-03-25,FGS_B,9265 OUTLET,-12.78,NA,-92.3,NA,Results,Technicianm
504269,2019-03-26,FGS_B,4791 TOWER2,-15.41,NA,-113.3,NA,Results,Technicianm
504264,2019-03-26,FGS_B,9257 OUTLET,-13.16,NA,-94.1,NA,Results,Technicianm
504265,2019-03-26,FGS_B,4745 OUTLET,-14.69,NA,-104.9,NA,Results,Technicianm
504266,2019-03-26,FGS_B,5005 OUTLET,-14.48,NA,-104.7,NA,Results,Technicianm
504267,2019-03-26,FGS_B,4767 OUTLET,-14.47,NA,-106.7,NA,Results,Technicianm
504268,2019-03-26,FGS_B,PARADISE PDSE1,-14.75,NA,-108.2,NA,Results,Technicianm
504556,2019-03-27,FGS_B,HYACINTHE HYAC1,-11.94,NA,-83.6,NA,Results,Technicianm
504555,2019-03-27,FGS_B,8405 OUTLET,-11.79,NA,-84.6,NA,Results,Technicianm
504554,2019-03-27,FGS_B,8407 OUTLET,-11.87,NA,-83.8,NA,Results,Technicianm
504559,2019-03-28,FGS_B,HOMATHKO HOMA1,-17.35,NA,-131,NA,Results,Technicianm
504559,2019-03-28,FGS_B,HOMATHKO HOMA1,-17.32,NA,-131,NA,Results,Technicianm
504562,2019-03-28,FGS_B,SOUTHGATE SGTE1,-17.04,SVC,-128.3,SVC,Results,Technicianm
504569,2019-03-28,FGS_B,MELLERSH MELR1,-14.9,NA,-110.6,NA,Results,Technicianm
504567,2019-03-28,FGS_B,BEAR BEAR1,-15.68,NA,-115.2,NA,Results,Technicianm
504570,2019-03-28,FGS_B,4829 OUTLET,-15.45,NA,-113.3,NA,Results,Technicianm
504568,2019-03-28,FGS_B,4914 OUTLET,-15.57,NA,-114.8,NA,Results,Technicianm
504566,2019-03-28,FGS_B,4848 OUTLET,-15.3,NA,-116.9,NA,Results,Technicianm
504565,2019-03-28,FGS_B,4889 OUTLET,-15.77,NA,-115.9,NA,Results,Technicianm
507980,2019-04-17,FGS,626 OUTLET,-8.85,NA,-65,NA,Results,Technicianm
507981,2019-04-17,FGS,693 OUTLET,-11.13,NA,-79.8,NA,Results,Technicianm
507982,2019-04-17,FGS,703 OUTLET,-10.11,NA,-71.8,NA,Results,Technicianm
507983,2019-04-17,FGS,708 OUTLET,-5.08,NA,-44.8,NA,Results,Technicianm
507984,2019-04-17,FGS,819 OUTLET,-9.77,NA,-69.7,NA,Results,Technicianm
507985,2019-04-17,FGS,844 OUTLET,-9.92,NA,-70.8,NA,Results,Technicianm
507986,2019-04-17,FGS,844 OUTLET,-9.89,NA,-70.4,NA,Results,Technicianm
507987,2019-04-17,FGS,844 OUTLET,-9.98,NA,-70.8,NA,Results,Technicianm
507988,2019-04-17,FGS,1015 OUTLET,-10.19,NA,-74,NA,Results,Technicianm
510916,2019-05-01,FGS_R,WANNOCK WR02,-15.29,NA,-112.1,NA,Results,Technicianm
510924,2019-05-02,FGS_Y,KOEYE KR01,-11.71,NA,-82.7,NA,Results,Technicianm
511431,2019-05-12,FGS,626 OUTLET,-7.57,NA,-58.6,NA,Results,Technicianm
511432,2019-05-12,FGS,693 OUTLET,-9.96,NA,-72.3,NA,Results,Technicianm
511433,2019-05-12,FGS,703 OUTLET,-10.16,NA,-71.6,NA,Results,Technicianm
511434,2019-05-12,FGS,708 OUTLET,-9.21,NA,-69.2,NA,Results,Technicianm
511434,2019-05-12,FGS,708 OUTLET,-9.21,NA,-69.2,NA,Results,Technicianm
511434,2019-05-12,FGS,708 OUTLET,-9.11,NA,-68.8,NA,Results,Technicianm
511437,2019-05-12,FGS,819 OUTLET,-8.89,NA,-65.6,NA,Results,Technicianm
511438,2019-05-12,FGS,844 OUTLET,-9.2,NA,-67.3,NA,Results,Technicianm
511439,2019-05-12,FGS,1015 OUTLET,-9.1,NA,-68.9,NA,Results,Technicianm
512787,2019-05-16,FGS_B,HOMATHKO HOMA1,-18.6,NA,-138.8,NA,Results,Technicianm
512787,2019-05-16,FGS_B,HOMATHKO HOMA1,-18.55,NA,-139,NA,Results,Technicianm
521408,2019-06-12,FGS,626 OUTLET,-7.6,NA,-58.6,NA,Results,Technicianm
521409,2019-06-12,FGS,693 OUTLET,-9.32,NA,-69.2,NA,Results,Technicianm
521410,2019-06-12,FGS,703 OUTLET,-9.62,NA,-68.9,NA,Results,Technicianm
1599442,2019-06-12,FGS,703 OUTLET,-9.6,NA,-68.7,NA,Results,Technicianm
1599443,2019-06-12,FGS,703 OUTLET,-9.56,NA,-68.5,NA,Results,Technicianm
521411,2019-06-12,FGS,708 OUTLET,-8.76,NA,-67,NA,Results,Technicianm
521412,2019-06-12,FGS,819 OUTLET,-9.15,NA,-66.8,NA,Results,Technicianm
521413,2019-06-12,FGS,844 OUTLET,-9.58,NA,-69,NA,Results,Technicianm
521414,2019-06-12,FGS,1015 OUTLET,-9.08,NA,-68.5,NA,Results,Technicianm
526681,2019-06-19,FGS_R,WANNOCK WR02,-15.52,NA,-114.8,NA,Results,Technicianm
526681,2019-06-19,FGS_R,WANNOCK WR02,-15.56,NA,-114.9,NA,Results,Technicianm
523787,2019-06-25,FGS_B,PARADISE PDSE1,-14.5,NA,-105.1,NA,Results,Technicianm
523782,2019-06-25,FGS_B,SOUTHGATE SGTE3,-18.24,NA,-135.3,NA,Results,Technicianm
523783,2019-06-25,FGS_B,HOMATHKO HOMA3,-18.41,NA,-137.1,NA,Results,Technicianm
523785,2019-06-25,FGS_B,4791 TRIB1US,-14.62,NA,-105.2,NA,Results,Technicianm
523779,2019-06-25,FGS_B,HOMATHKO HOMA1,-18.42,NA,-136.8,NA,Results,Technicianm
523779,2019-06-25,FGS_B,HOMATHKO HOMA1,-18.33,NA,-136.8,NA,Results,Technicianm
523786,2019-06-25,FGS_B,4791 TRIB1DS,-14.43,NA,-105,NA,Results,Technicianm
523779,2019-06-25,FGS_B,HOMATHKO HOMA1,-18.38,NA,-136.8,NA,Results,Technicianm
523788,2019-06-25,FGS_B,5005 OUTLET,-12.64,NA,-92,NA,Results,Technicianm
523784,2019-06-25,FGS_B,4791 TOWER2,-16.15,NA,-117.7,NA,Results,Technicianm
523799,2019-06-26,FGS_KN,5688 OUTLET,-18.17,NA,-134.3,NA,Results,Technicianm
523805,2019-06-26,FGS_KN,5881 LULL1,-11.64,NA,-86.6,NA,Results,Technicianm
523799,2019-06-26,FGS_KN,5688 OUTLET,-18.25,NA,-134.2,NA,Results,Technicianm
523795,2019-06-26,FGS_KN,5559 GLEN2,-12.23,NA,-89.5,NA,Results,Technicianm
523796,2019-06-26,FGS_KN,5693 GAUGINGSTATION,-17.76,NA,-131.8,NA,Results,Technicianm
523796,2019-06-26,FGS_KN,5693 GAUGINGSTATION,-17.76,NA,-131.6,NA,Results,Technicianm
523799,2019-06-26,FGS_KN,5688 OUTLET,-18.18,NA,-134.4,NA,Results,Technicianm
523803,2019-06-26,FGS_KN,5819 OUTLET,-13.67,NA,-98.5,NA,Results,Technicianm
523802,2019-06-26,FGS_KN,5722 OUTLET,-15.85,NA,-115.8,NA,Results,Technicianm
523796,2019-06-26,FGS_KN,5693 GAUGINGSTATION,-17.82,NA,-132.5,NA,Results,Technicianm
523804,2019-06-26,FGS_KN,5850 OUTLET,-13.13,NA,-94.6,NA,Results,Technicianm
524372,2019-07-09,FGS,844 OUTLET,-8.68,NA,-64.5,NA,Results,Technicianm
524374,2019-07-09,FGS,703 OUTLET,-9.15,NA,-66,NA,Results,Technicianm
524377,2019-07-09,FGS,708 OUTLET,-7.91,NA,-62.4,NA,Results,Technicianm
524371,2019-07-09,FGS,693 OUTLET,-8.49,NA,-64.8,NA,Results,Technicianm
525465,2019-07-09,FGS,693 OUTLET,-8.46,NA,-64.5,NA,Results,Technicianm
525466,2019-07-09,FGS,693 OUTLET,-8.48,NA,-64.3,NA,Results,Technicianm
524376,2019-07-09,FGS,626 OUTLET,-6.24,NA,-51.6,NA,Results,Technicianm
524375,2019-07-09,FGS,1015 OUTLET,-8.14,NA,-63.7,NA,Results,Technicianm
524373,2019-07-09,FGS,819 OUTLET,-8.71,NA,-64,NA,Results,Technicianm
525180,2019-07-16,FGS_B,HOMATHKO HOMA1,-18.3,NA,-136.5,NA,Results,Technicianm
525180,2019-07-16,FGS_B,HOMATHKO HOMA1,-18.39,NA,-136.4,NA,Results,Technicianm
525180,2019-07-16,FGS_B,HOMATHKO HOMA1,-18.34,NA,-136.4,NA,Results,Technicianm
526065,2019-07-22,FGS_R,WANNOCK WR02,-16.08,NA,-118.3,NA,Results,Technicianm
526065,2019-07-22,FGS_R,WANNOCK WR02,-16.11,NA,-118.3,NA,Results,Technicianm
526671,2019-07-24,FGS_Y,KOEYE KR01,-11.07,NA,-79.8,NA,Results,Technicianm
1058524,2019-08-04,FGS,626 OUTLET,-6.79,NA,-55.5,NA,Results,Technicianm
1058523,2019-08-04,FGS,693 OUTLET,-8.86,NA,-66.6,NA,Results,Technicianm
1058522,2019-08-04,FGS,703 OUTLET,-9.33,NA,-67.7,NA,Results,Technicianm
1058521,2019-08-04,FGS,708 OUTLET,-7.97,NA,-62.8,NA,Results,Technicianm
1058520,2019-08-04,FGS,819 OUTLET,-9.1,NA,-66.6,NA,Results,Technicianm
1058519,2019-08-04,FGS,844 OUTLET,-9.29,NA,-67.5,NA,Results,Technicianm
1058512,2019-08-04,FGS,1015 OUTLET,-8.34,NA,-64.3,NA,Results,Technicianm
1058517,2019-08-04,FGS,1015 OUTLET,-8.38,NA,-64.4,NA,Results,Technicianm
1058518,2019-08-04,FGS,1015 OUTLET,-8.33,NA,-64.7,NA,Results,Technicianm
1595741,2019-08-16,FGS_R,WANNOCK WR02,-16.07,NA,-118.9,NA,Results,Technicianm
1598374,2019-08-22,FGS_B,HOMATHKO HOMA1,-17.07,NA,-128.1,NA,Results,Technicianm
1598374,2019-08-22,FGS_B,HOMATHKO HOMA1,-17.22,NA,-128.5,NA,Results,Technicianm
1599665,2019-09-03,FGS,844 OUTLET,-8.39,NA,-61,NA,Results,Technicianm
1599669,2019-09-03,FGS,1015 OUTLET,-8.1,NA,-62.6,NA,Results,Technicianm
1599666,2019-09-03,FGS,708 OUTLET,-7.58,NA,-59,NA,Results,Technicianm
1599668,2019-09-03,FGS,703 OUTLET,-8.4,NA,-59.9,NA,Results,Technicianm
1599667,2019-09-03,FGS,693 OUTLET,-8.31,NA,-63,NA,Results,Technicianm
1599664,2019-09-03,FGS,626 OUTLET,-5.58,NA,-47.5,NA,Results,Technicianm
1599663,2019-09-03,FGS,819 OUTLET,-8.44,NA,-60.9,NA,Results,Technicianm
1599670,2019-09-03,FGS,819 OUTLET,-8.43,NA,-60.7,NA,Results,Technicianm
1599671,2019-09-03,FGS,819 OUTLET,-8.51,NA,-60.8,NA,Results,Technicianm
1608037,2019-09-11,FGS_R,WANNOCK WR02,NA,NA,NA,NA,Collected,Technicianm
1611015,2019-09-19,FGS_B,HOMATHKO HOMA1,NA,NA,NA,NA,Collected,Technicianm
1611015,2019-09-19,FGS_B,HOMATHKO HOMA1,NA,NA,NA,NA,Collected,Technicianm
1628243,2019-10-02,FGS,703 OUTLET,NA,NA,NA,NA,Collected,Raw
1628242,2019-10-02,FGS,626 OUTLET,NA,NA,NA,NA,Collected,Raw
1628244,2019-10-02,FGS,844 OUTLET,NA,NA,NA,NA,Collected,Raw
1628245,2019-10-02,FGS,1015 OUTLET,NA,NA,NA,NA,Collected,Raw
1628244,2019-10-02,FGS,844 OUTLET,NA,NA,NA,NA,Collected,Raw
1628244,2019-10-02,FGS,844 OUTLET,NA,NA,NA,NA,Collected,Raw
1628642,2019-10-10,FGS_B,HOMATHKO HOMA3,NA,NA,NA,NA,Collected,Technicianm
1628642,2019-10-10,FGS_B,HOMATHKO HOMA3,NA,NA,NA,NA,Collected,Technicianm
1636001,2019-10-18,FGS_B,HOMATHKO HOMA3,NA,NA,NA,NA,Collected,Technicianm
1636001,2019-10-18,FGS_B,HOMATHKO HOMA3,NA,NA,NA,NA,Collected,Technicianm
1636001,2019-10-18,FGS_B,HOMATHKO HOMA3,NA,NA,NA,NA,Collected,Technicianm
1638475,2019-11-07,FGS_B,HOMATHKO HOMA3,NA,NA,NA,NA,Collected,Technicianm
1638475,2019-11-07,FGS_B,HOMATHKO HOMA3,NA,NA,NA,NA,Collected,Technicianm
1663981,2019-11-27,FGS,626 OUTLET,NA,NA,NA,NA,Collected,Technicianm
1663987,2019-11-27,FGS,844 OUTLET,NA,NA,NA,NA,Collected,Technicianm
1663982,2019-11-27,FGS,703 OUTLET,NA,NA,NA,NA,Collected,Technicianm
1663983,2019-11-27,FGS,703 OUTLET,NA,NA,NA,NA,Collected,Technicianm
1663984,2019-11-27,FGS,703 OUTLET,NA,NA,NA,NA,Collected,Technicianm
1664040,2019-11-27,FGS,819 OUTLET,NA,NA,NA,NA,Collected,Technicianm
1663986,2019-11-27,FGS,1015 OUTLET,NA,NA,NA,NA,Collected,Technicianm
1665096,2019-12-05,FGS_B,HOMATHKO HOMA3,NA,NA,NA,NA,Collected,Technicianm
1665096,2019-12-05,FGS_B,HOMATHKO HOMA3,NA,NA,NA,NA,Collected,Technicianm
2254137,2020-01-10,FGS,626 OUTLET,NA,NA,NA,NA,Collected,Raw
2254136,2020-01-10,FGS,703 OUTLET,NA,NA,NA,NA,Collected,Raw
2254135,2020-01-10,FGS,844 OUTLET,NA,NA,NA,NA,Collected,Raw
2254134,2020-01-10,FGS,1015 OUTLET,NA,NA,NA,NA,Collected,Raw
2254137,2020-01-10,FGS,626 OUTLET,NA,NA,NA,NA,Collected,Raw
2254137,2020-01-10,FGS,626 OUTLET,NA,NA,NA,NA,Collected,Raw
2825661,2020-01-21,FGS_B,HOMATHKO HOMA3,NA,NA,NA,NA,Collected,Technicianm
2825661,2020-01-21,FGS_B,HOMATHKO HOMA3,NA,NA,NA,NA,Collected,Technicianm
3402314,2020-02-08,FGS,626 OUTLET,NA,NA,NA,NA,Collected,Raw
3402315,2020-02-08,FGS,703 OUTLET,NA,NA,NA,NA,Collected,Raw
3402316,2020-02-08,FGS,844 OUTLET,NA,NA,NA,NA,Collected,Raw
3402316,2020-02-08,FGS,844 OUTLET,NA,NA,NA,NA,Collected,Raw
3402316,2020-02-08,FGS,844 OUTLET,NA,NA,NA,NA,Collected,Raw
3402317,2020-02-08,FGS,1015 OUTLET,NA,NA,NA,NA,Collected,Raw
3404057,2020-02-18,FGS_B,HOMATHKO HOMA3,NA,NA,NA,NA,Collected,Technicianm
3404057,2020-02-18,FGS_B,HOMATHKO HOMA3,NA,NA,NA,NA,Collected,Technicianm
