event_pk,date,survey,site_id,tss_mg_l,tss_flag,row_flag,quality_level
320911,2017-08-24,FGS_B,HOMATHKO HOMA1,175.7,AV,Results,Principal Investigator
348358,2017-10-04,FGS_B,HOMATHKO HOMA1,22.1,AV,Results,Principal Investigator
348352,2017-10-04,FGS_B,SOUTHGATE SGTE2,33.1,AV,Results,Principal Investigator
3783068,2017-10-05,FGS_B,HOMATHKO HOMA2,9.1,AV,Results,Principal Investigator
3752424,2017-10-05,FGS_B,HOMATHKO HOMA2,27.6,AV,Results,Principal Investigator
348356,2017-10-05,FGS_B,HOMATHKO HOMA1,32.5,AV,Results,Principal Investigator
348356,2017-10-05,FGS_B,HOMATHKO HOMA1,39.4,AV,Results,Principal Investigator
348356,2017-10-05,FGS_B,HOMATHKO HOMA1,41.1,AV,Results,Principal Investigator
353494,2017-11-09,FGS_B,HOMATHKO HOMA3,15,AV,Results,Principal Investigator
353491,2017-11-09,FGS_B,HOMATHKO HOMA1,12.9,SVC,Results,Principal Investigator
353490,2017-11-09,FGS_B,CAMPCREEK WATERINTAKE,5.7,NA,Results,Technicianm
366677,2018-01-26,FGS_B,HOMATHKO HOMA1,NA,BDL,Results,Technicianm
366674,2018-01-26,FGS_B,CAMPCREEK WATERINTAKE,NA,BDL,Results,Technicianm
474962,2018-03-09,FGS_B,CAMPCREEK WATERINTAKE,2.1,NA,Results,Technicianm
474963,2018-03-09,FGS_B,HOMATHKO HOMA1,1.9,SVC,Results,Technicianm
376729,2018-04-04,FGS_B,HOMATHKO HOMA1,2.34,NA,Results,Technicianm
377600,2018-04-11,FGS_R,20754 OUTLET,84.6315789473684,NA,Results,Technicianm
377596,2018-04-11,FGS_R,20741 OUTLET,0.300000000000011,NA,Results,Technicianm
377599,2018-04-11,FGS_R,20718 OUTLET,-0.5,SVD,Results,Technicianm
377598,2018-04-11,FGS_R,20642 OUTLET,-1.40000000000001,SVD,Results,Technicianm
377590,2018-04-14,FGS_Y,KOEYE KR01,0.549999999999997,NA,Results,Technicianm
377987,2018-04-16,FGS_R,WANNOCK WR01,2.14007782101167,SVC,Results,Technicianm
377986,2018-04-16,FGS_R,20771K OUTLET,0.280373831775703,NA,Results,Technicianm
379382,2018-04-30,FGS_B,HOMATHKO HOMA1,36.18,NA,Results,Technicianm
379382,2018-04-30,FGS_B,HOMATHKO HOMA1,37.4311926605505,SVC,Results,Technicianm
379384,2018-04-30,FGS_B,SOUTHGATE SGTE3,16.4556962025316,SVC,Results,Technicianm
379384,2018-04-30,FGS_B,SOUTHGATE SGTE3,13.48,NA,Results,Technicianm
379381,2018-04-30,FGS_B,TEAQUAHAN TEAQ2,5.3,SVC,Results,Technicianm
379381,2018-04-30,FGS_B,TEAQUAHAN TEAQ2,60.44,SVD,Results,Technicianm
379672,2018-05-02,FGS_B,PARADISE PDSE1,0.833333333333337,NA,Results,Technicianm
379672,2018-05-02,FGS_B,PARADISE PDSE1,4.4,NA,Results,Technicianm
379669,2018-05-02,FGS_B,MELLERSH MELR1,2.16,NA,Results,Technicianm
379669,2018-05-02,FGS_B,MELLERSH MELR1,0.196721311475413,NA,Results,Technicianm
380270,2018-05-03,FGS_B,8405 OUTLET,0.727272727272725,NA,Results,Technicianm
380270,2018-05-03,FGS_B,8405 OUTLET,3.08,NA,Results,Technicianm
380264,2018-05-03,FGS_B,4767 OUTLET,0.650000000000002,NA,Results,Technicianm
380264,2018-05-03,FGS_B,4767 OUTLET,0.63,NA,Results,Technicianm
380271,2018-05-03,FGS_B,9572 OUTLET,0.809523809523811,NA,Results,Technicianm
380271,2018-05-03,FGS_B,9572 OUTLET,2.23,NA,Results,Technicianm
387762,2018-05-15,FGS_R,708 OUTLET,1.19999999999999,NA,Results,Technicianm
387763,2018-05-15,FGS_R,819 OUTLET,0.32258064516129,NA,Results,Technicianm
387761,2018-05-15,FGS_R,703 OUTLET,0.825688073394501,NA,Results,Technicianm
387764,2018-05-15,FGS_Y,KOEYE KR01,0.740740740740741,NA,Results,Technicianm
388025,2018-05-17,FGS_R,20771K OUTLET,3.83333333333333,NA,Results,Technicianm
388026,2018-05-17,FGS_R,20771C OUTLET,1.81481481481482,NA,Results,Technicianm
388029,2018-05-18,FGS_R,20741 OUTLET,0.218181818181816,NA,Results,Technicianm
406237,2018-06-02,FGS_B,SOUTHGATE SGTE3,29.873417721519,NA,Results,Technicianm
406237,2018-06-02,FGS_B,SOUTHGATE SGTE3,25.66,NA,Results,Technicianm
406238,2018-06-02,FGS_B,TEAQUAHAN TEAQ2,9.46666666666666,SVC,Results,Technicianm
406238,2018-06-02,FGS_B,TEAQUAHAN TEAQ2,80.76,SVD,Results,Technicianm
406235,2018-06-02,FGS_B,HOMATHKO HOMA1,47.4,SVC,Results,Technicianm
406235,2018-06-02,FGS_B,HOMATHKO HOMA1,20.4,SVC,Results,Technicianm
406234,2018-06-02,FGS_B,HOMATHKO HOMA3,50.75,NA,Results,Technicianm
406234,2018-06-02,FGS_B,HOMATHKO HOMA3,45.7142857142857,NA,Results,Technicianm
407718,2018-06-09,FGS_R,20741 OUTLET,1.60919540229885,NA,Results,Technicianm
407706,2018-06-10,FGS_R,WANNOCK WR02,2.24,NA,Results,Technicianm
407704,2018-06-10,FGS_R,20771K OUTLET,1.26865671641791,NA,Results,Technicianm
407705,2018-06-10,FGS_R,20771C OUTLET,0.229007633587784,NA,Results,Technicianm
407707,2018-06-10,FGS_R,20718 OUTLET,0.450000000000003,NA,Results,Technicianm
408286,2018-06-12,FGS_R,703 OUTLET,0.652173913043478,NA,Results,Technicianm
408284,2018-06-12,FGS_R,708 OUTLET,0.499999999999995,NA,Results,Technicianm
408285,2018-06-12,FGS_R,819 OUTLET,0.545454545454545,NA,Results,Technicianm
412815,2018-06-27,FGS_B,4767 OUTLET,0.66,NA,Results,Technicianm
412815,2018-06-27,FGS_B,4767 OUTLET,0.25,NA,Results,Technicianm
412816,2018-06-27,FGS_B,PARADISE PDSE1,9.01515151515152,SVC,Results,Technicianm
412816,2018-06-27,FGS_B,PARADISE PDSE1,2.96,NA,Results,Technicianm
412821,2018-06-27,FGS_B,BEAR BEAR1,19.84,NA,Results,Technicianm
412821,2018-06-27,FGS_B,BEAR BEAR1,8.25,SVC,Results,Technicianm
412824,2018-06-27,FGS_B,SOUTHGATE SGTE2,2.99999999999997,SVD,Results,Technicianm
412824,2018-06-27,FGS_B,SOUTHGATE SGTE2,3.83,SVD,Results,Technicianm
412825,2018-06-27,FGS_B,HOMATHKO HOMA1,3.60000000000002,SVD,Results,Technicianm
412825,2018-06-27,FGS_B,HOMATHKO HOMA1,146.15,NA,Results,Technicianm
412797,2018-06-28,FGS_B,MELLERSH MELR1,NA,MV,Results,Technicianm
412797,2018-06-28,FGS_B,MELLERSH MELR1,149.54,NA,Results,Technicianm
412798,2018-06-28,FGS_B,9572 OUTLET,0.439560439560446,NA,Results,Technicianm
412798,2018-06-28,FGS_B,9572 OUTLET,4.25,NA,Results,Technicianm
412801,2018-06-28,FGS_B,8405 OUTLET,1.91,NA,Results,Technicianm
412801,2018-06-28,FGS_B,8405 OUTLET,1.67567567567567,NA,Results,Technicianm
415987,2018-07-03,FGS_R,20771K OUTLET,2.01,NA,Results,Technicianm
415987,2018-07-03,FGS_R,20771K OUTLET,5.21951219512195,SVC,Results,Technicianm
415988,2018-07-03,FGS_R,20771C OUTLET,1.03571428571429,NA,Results,Technicianm
415988,2018-07-03,FGS_R,20771C OUTLET,0.91,NA,Results,Technicianm
415985,2018-07-03,FGS_R,20718 OUTLET,0.628571428571425,NA,Results,Technicianm
415761,2018-07-04,FGS_R,WANNOCK WR02,1.99,NA,Results,Technicianm
415761,2018-07-04,FGS_R,WANNOCK WR02,7.19999999999999,NA,Results,Technicianm
415763,2018-07-04,FGS_R,20741 OUTLET,0.111111111111113,NA,Results,Technicianm
415768,2018-07-04,FGS_R,20722 OUTLET,0.500000000000004,NA,Results,Technicianm
415977,2018-07-05,FGS_R,819 OUTLET,0.750000000000005,NA,Results,Technicianm
415979,2018-07-05,FGS_R,703 OUTLET,0.51282051282052,SVC,Results,Technicianm
415978,2018-07-05,FGS_R,708 OUTLET,0.249999999999986,NA,Results,Technicianm
417482,2018-07-12,FGS_Y,KOEYE KR01,0.499999999999989,NA,Results,Technicianm
420262,2018-07-24,FGS_B,4767 OUTLET,2.3,NA,Results,Technicianm
420262,2018-07-24,FGS_B,4767 OUTLET,0.0763358778625947,NA,Results,Technicianm
420263,2018-07-24,FGS_B,PARADISE PDSE1,0.259740259740263,NA,Results,Technicianm
420263,2018-07-24,FGS_B,PARADISE PDSE1,4.33,NA,Results,Technicianm
420274,2018-07-25,FGS_B,MELLERSH MELR1,7.05035971223022,NA,Results,Technicianm
420274,2018-07-25,FGS_B,MELLERSH MELR1,7,NA,Results,Technicianm
420272,2018-07-25,FGS_B,BEAR BEAR1,11.92,NA,Results,Technicianm
420272,2018-07-25,FGS_B,BEAR BEAR1,4.82142857142858,NA,Results,Technicianm
420265,2018-07-26,FGS_B,8405 OUTLET,NA,BDL,Results,Technicianm
420265,2018-07-26,FGS_B,8405 OUTLET,NA,MV,Results,Technicianm
420268,2018-07-26,FGS_B,9572 OUTLET,2.98102981029811,NA,Results,Technicianm
420268,2018-07-26,FGS_B,9572 OUTLET,NA,BDL,Results,Technicianm
421751,2018-07-31,FGS_B,HOMATHKO HOMA1,341.2,SVC,Results,Technicianm
421751,2018-07-31,FGS_B,HOMATHKO HOMA1,487.26,SVC,Results,Technicianm
421751,2018-07-31,FGS_B,HOMATHKO HOMA1,290.769230769231,NA,Results,Technicianm
422139,2018-08-04,FGS_R,20718 OUTLET,3.54,NA,Results,Technicianm
422139,2018-08-04,FGS_R,20718 OUTLET,NA,MV,Results,Technicianm
422143,2018-08-04,FGS_R,20722 OUTLET,0.216216216216219,NA,Results,Technicianm
422143,2018-08-04,FGS_R,20722 OUTLET,2.04,NA,Results,Technicianm
428502,2018-08-05,FGS_R,20741 OUTLET,0.95,NA,Results,Technicianm
428502,2018-08-05,FGS_R,20741 OUTLET,-0.0909090909090857,SVD,Results,Technicianm
422153,2018-08-06,FGS_R,20771K OUTLET,50,NA,Results,Technicianm
422153,2018-08-06,FGS_R,20771K OUTLET,44.23,NA,Results,Technicianm
422154,2018-08-06,FGS_R,20771C OUTLET,2.57,NA,Results,Technicianm
422154,2018-08-06,FGS_R,20771C OUTLET,1.26582278481013,NA,Results,Technicianm
422155,2018-08-06,FGS_R,WANNOCK WR02,5.86,NA,Results,Technicianm
422155,2018-08-06,FGS_R,WANNOCK WR02,9.02255639097744,NA,Results,Technicianm
422158,2018-08-06,FGS_R,819 OUTLET,0.421052631578983,NA,Results,Technicianm
422158,2018-08-06,FGS_R,819 OUTLET,2.14,NA,Results,Technicianm
422159,2018-08-06,FGS_R,708 OUTLET,1.40350877192974,NA,Results,Technicianm
422157,2018-08-06,FGS_R,703 OUTLET,3.31,NA,Results,Technicianm
422157,2018-08-06,FGS_R,703 OUTLET,3.99999999999996,NA,Results,Technicianm
422058,2018-08-09,FGS_Y,KOEYE KR01,2.85,NA,Results,Technicianm
422058,2018-08-09,FGS_Y,KOEYE KR01,0.679245283018872,SVD,Results,Technicianm
427432,2018-08-26,FGS_B,8405 OUTLET,0.666666666666669,NA,Results,Technicianm
427431,2018-08-26,FGS_B,PARADISE PDSE1,0.533333333333341,NA,Results,Technicianm
427433,2018-08-26,FGS_B,4809 OUTLET,0.559999999999997,NA,Results,Technicianm
429128,2018-08-29,FGS_B,HOMATHKO HOMA1,70.4615384615385,SVC,Results,Technicianm
429128,2018-08-29,FGS_B,HOMATHKO HOMA1,137.61,NA,Results,Technicianm
429130,2018-08-29,FGS_B,4829 OUTLET,31.6666666666667,NA,Results,Technicianm
429129,2018-08-29,FGS_B,SOUTHGATE SGTE3,72.7,NA,Results,Technicianm
429129,2018-08-29,FGS_B,SOUTHGATE SGTE3,37.8571428571429,SVC,Results,Technicianm
429131,2018-08-29,FGS_B,MELLERSH MELR1,3.7037037037037,NA,Results,Technicianm
428233,2018-09-03,FGS_R,20722 OUTLET,2.77,NA,Results,Technicianm
428233,2018-09-03,FGS_R,20722 OUTLET,0.866666666666674,NA,Results,Technicianm
428230,2018-09-03,FGS_R,20718 OUTLET,NA,BDL,Results,Technicianm
428230,2018-09-03,FGS_R,20718 OUTLET,1.46341463414634,NA,Results,Technicianm
428226,2018-09-04,FGS_R,819 OUTLET,0.740740740740741,NA,Results,Technicianm
428226,2018-09-04,FGS_R,819 OUTLET,2.37,NA,Results,Technicianm
428225,2018-09-04,FGS_R,703 OUTLET,0.230769230769239,NA,Results,Technicianm
428225,2018-09-04,FGS_R,703 OUTLET,1.31,NA,Results,Technicianm
428227,2018-09-04,FGS_R,708 OUTLET,0.562499999999986,NA,Results,Technicianm
428227,2018-09-04,FGS_R,708 OUTLET,3.19,NA,Results,Technicianm
428223,2018-09-04,FGS_R,WANNOCK WR02,5.47,NA,Results,Technicianm
428223,2018-09-04,FGS_R,WANNOCK WR02,9.28571428571428,NA,Results,Technicianm
428221,2018-09-04,FGS_R,20771C OUTLET,1.29032258064516,NA,Results,Technicianm
428221,2018-09-04,FGS_R,20771C OUTLET,1.95,NA,Results,Technicianm
428220,2018-09-04,FGS_R,20771K OUTLET,16.7,NA,Results,Technicianm
428220,2018-09-04,FGS_R,20771K OUTLET,25.21,NA,Results,Technicianm
428256,2018-09-05,FGS_Y,KOEYE KR01,0.900000000000006,NA,Results,Technicianm
428256,2018-09-05,FGS_Y,KOEYE KR01,3.01,NA,Results,Technicianm
432605,2018-09-19,FGS_B,MELLERSH MELR1,NA,BDL,Results,Technicianm
432605,2018-09-19,FGS_B,MELLERSH MELR1,1.06451612903226,NA,Results,Technicianm
432609,2018-09-19,FGS_B,HOMATHKO HOMA1,58.8,SVC,Results,Technicianm
432609,2018-09-19,FGS_B,HOMATHKO HOMA1,5.2093023255814,SVC,Results,Technicianm
432611,2018-09-19,FGS_B,SOUTHGATE SGTE2,16.1,NA,Results,Technicianm
432611,2018-09-19,FGS_B,SOUTHGATE SGTE2,3.5,NA,Results,Technicianm
432601,2018-09-19,FGS_B,PARADISE PDSE1,NA,BDL,Results,Technicianm
432601,2018-09-19,FGS_B,PARADISE PDSE1,0.200000000000003,NA,Results,Technicianm
432603,2018-09-19,FGS_B,4767 OUTLET,NA,BDL,Results,Technicianm
432603,2018-09-19,FGS_B,4767 OUTLET,0.0526315789473654,NA,Results,Technicianm
437014,2018-09-20,FGS_B,BEAR BEAR1,2.225,NA,Results,Technicianm
437014,2018-09-20,FGS_B,BEAR BEAR1,NA,BDL,Results,Technicianm
432621,2018-09-20,FGS_B,4791 TOWER2,2.81818181818181,SVC,Results,Technicianm
432621,2018-09-20,FGS_B,4791 TOWER2,5.6,NA,Results,Technicianm
436987,2018-09-25,FGS_KN,5209 HEYD2,NA,BDL,Results,Technicianm
436988,2018-09-27,FGS_KN,5881 LULL1,NA,BDL,Results,Technicianm
435754,2018-10-12,FGS_R,20741 OUTLET,-0.109090909090903,SVD,Results,Technicianm
435756,2018-10-12,FGS_R,WANNOCK WR02,NA,BDL,Results,Technicianm
435756,2018-10-12,FGS_R,WANNOCK WR02,2.3,NA,Results,Technicianm
435756,2018-10-12,FGS_R,WANNOCK WR02,NA,BDL,Results,Technicianm
435756,2018-10-12,FGS_R,WANNOCK WR02,2.36,NA,Results,Technicianm
435756,2018-10-12,FGS_R,WANNOCK WR02,NA,BDL,Results,Technicianm
435756,2018-10-12,FGS_R,WANNOCK WR02,2.52,NA,Results,Technicianm
435757,2018-10-12,FGS_R,20771C OUTLET,3.92,NA,Results,Technicianm
435758,2018-10-12,FGS_R,20771K OUTLET,15.2,NA,Results,Technicianm
435749,2018-10-13,FGS_R,703 OUTLET,0.479999999999995,NA,Results,Technicianm
435751,2018-10-13,FGS_R,708 OUTLET,1,NA,Results,Technicianm
435750,2018-10-13,FGS_R,819 OUTLET,NA,BDL,Results,Technicianm
435750,2018-10-13,FGS_R,819 OUTLET,0.239999999999998,SVC,Results,Technicianm
435750,2018-10-13,FGS_R,819 OUTLET,0.320000000000005,NA,Results,Technicianm
435750,2018-10-13,FGS_R,819 OUTLET,NA,BDL,Results,Technicianm
435750,2018-10-13,FGS_R,819 OUTLET,NA,BDL,Results,Technicianm
435750,2018-10-13,FGS_R,819 OUTLET,0.319999999999993,NA,Results,Technicianm
435760,2018-10-14,FGS_Y,KOEYE KR01,1.6,NA,Results,Technicianm
439496,2018-10-23,FGS_B,SOUTHGATE SGTE1,5.86666666666667,NA,Results,Technicianm
439496,2018-10-23,FGS_B,SOUTHGATE SGTE1,5.5,NA,Results,Technicianm
439497,2018-10-23,FGS_B,HOMATHKO HOMA1,6.95999999999999,NA,Results,Technicianm
439497,2018-10-23,FGS_B,HOMATHKO HOMA1,8.8,NA,Results,Technicianm
439496,2018-10-23,FGS_B,SOUTHGATE SGTE1,5.66666666666666,NA,Results,Technicianm
439496,2018-10-23,FGS_B,SOUTHGATE SGTE1,4.4,NA,Results,Technicianm
439497,2018-10-23,FGS_B,HOMATHKO HOMA1,5.8,NA,Results,Technicianm
439497,2018-10-23,FGS_B,HOMATHKO HOMA1,7.11999999999999,NA,Results,Technicianm
439496,2018-10-23,FGS_B,SOUTHGATE SGTE1,6.72727272727272,NA,Results,Technicianm
439496,2018-10-23,FGS_B,SOUTHGATE SGTE1,4.9,NA,Results,Technicianm
439488,2018-10-23,FGS_B,PARADISE PDSE1,NA,BDL,Results,Technicianm
439488,2018-10-23,FGS_B,PARADISE PDSE1,0.639999999999998,NA,Results,Technicianm
439494,2018-10-23,FGS_B,BEAR BEAR1,0.760000000000002,NA,Results,Technicianm
439494,2018-10-23,FGS_B,BEAR BEAR1,NA,BDL,Results,Technicianm
439497,2018-10-23,FGS_B,HOMATHKO HOMA1,7.9,NA,Results,Technicianm
439497,2018-10-23,FGS_B,HOMATHKO HOMA1,7.28,NA,Results,Technicianm
439507,2018-10-24,FGS_B,4791 TOWER2,15.8,NA,Results,Technicianm
439485,2018-10-25,FGS_B,9572 OUTLET,11.7,NA,Results,Technicianm
439485,2018-10-25,FGS_B,9572 OUTLET,0.428571428571431,NA,Results,Technicianm
439481,2018-10-25,FGS_B,HYACINTHE HYAC1,NA,BDL,Results,Technicianm
439481,2018-10-25,FGS_B,HYACINTHE HYAC1,NA,BDL,Results,Technicianm
439481,2018-10-25,FGS_B,HYACINTHE HYAC1,NA,BDL,Results,Technicianm
439486,2018-10-25,FGS_B,8405 OUTLET,1.11764705882353,NA,Results,Technicianm
445429,2018-11-14,FGS_Y,KOEYE KR01,0.760869565217394,NA,Results,Technicianm
445439,2018-11-16,FGS_R,703 OUTLET,0.155038759689936,NA,Results,Technicianm
445438,2018-11-16,FGS_R,819 OUTLET,0.0999999999999943,NA,Results,Technicianm
445438,2018-11-16,FGS_R,819 OUTLET,NA,BDL,Results,Technicianm
445438,2018-11-16,FGS_R,819 OUTLET,0,NA,Results,Technicianm
445438,2018-11-16,FGS_R,819 OUTLET,NA,BDL,Results,Technicianm
445438,2018-11-16,FGS_R,819 OUTLET,0.200000000000003,NA,Results,Technicianm
445438,2018-11-16,FGS_R,819 OUTLET,NA,BDL,Results,Technicianm
445447,2018-11-17,FGS_R,WANNOCK WR02,NA,BDL,Results,Technicianm
445447,2018-11-17,FGS_R,WANNOCK WR02,2.58620689655172,NA,Results,Technicianm
445447,2018-11-17,FGS_R,WANNOCK WR02,2.83132530120481,NA,Results,Technicianm
445447,2018-11-17,FGS_R,WANNOCK WR02,NA,BDL,Results,Technicianm
445447,2018-11-17,FGS_R,WANNOCK WR02,2.96551724137931,NA,Results,Technicianm
445447,2018-11-17,FGS_R,WANNOCK WR02,NA,BDL,Results,Technicianm
445452,2018-11-17,FGS_R,20771K OUTLET,1.68316831683169,NA,Results,Technicianm
445453,2018-11-17,FGS_R,20741 OUTLET,0.0888888888888838,NA,Results,Technicianm
445446,2018-11-17,FGS_R,20771C OUTLET,0.574712643678161,NA,Results,Technicianm
445450,2018-11-17,FGS_R,708 OUTLET,0.800000000000011,NA,Results,Technicianm
448952,2018-11-26,FGS_B,HYACINTHE HYAC1,8.75,NA,Results,Technicianm
448952,2018-11-26,FGS_B,HYACINTHE HYAC1,12.6,NA,Results,Technicianm
448952,2018-11-26,FGS_B,HYACINTHE HYAC1,10.3,NA,Results,Technicianm
448952,2018-11-26,FGS_B,HYACINTHE HYAC1,10.4,NA,Results,Technicianm
448952,2018-11-26,FGS_B,HYACINTHE HYAC1,10.2,NA,Results,Technicianm
448952,2018-11-26,FGS_B,HYACINTHE HYAC1,8.85906040268457,NA,Results,Technicianm
448993,2018-11-27,FGS_B,BEAR BEAR1,20.4,NA,Results,Technicianm
448993,2018-11-27,FGS_B,BEAR BEAR1,26.0805860805861,NA,Results,Technicianm
448988,2018-11-27,FGS_B,PARADISE PDSE1,12.741935483871,NA,Results,Technicianm
448988,2018-11-27,FGS_B,PARADISE PDSE1,9.5,NA,Results,Technicianm
448995,2018-11-27,FGS_B,HOMATHKO HOMA1,61.2,NA,Results,Technicianm
448995,2018-11-27,FGS_B,HOMATHKO HOMA1,71.1,NA,Results,Technicianm
448995,2018-11-27,FGS_B,HOMATHKO HOMA1,73,NA,Results,Technicianm
448995,2018-11-27,FGS_B,HOMATHKO HOMA1,63.8805970149253,NA,Results,Technicianm
448988,2018-11-27,FGS_B,PARADISE PDSE1,6.86346863468633,NA,Results,Technicianm
448995,2018-11-27,FGS_B,HOMATHKO HOMA1,56.2,NA,Results,Technicianm
448995,2018-11-27,FGS_B,HOMATHKO HOMA1,46.4705882352941,SVD,Results,Technicianm
449002,2018-11-28,FGS_B,4791 TOWER2,5.7,NA,Results,Technicianm
449002,2018-11-28,FGS_B,4791 TOWER2,7.26224783861671,NA,Results,Technicianm
448999,2018-11-28,FGS_B,SOUTHGATE SGTE1,22.8,SVD,Results,Technicianm
448999,2018-11-28,FGS_B,SOUTHGATE SGTE1,31.1,NA,Results,Technicianm
448999,2018-11-28,FGS_B,SOUTHGATE SGTE1,22.1111111111111,SVD,Results,Technicianm
448999,2018-11-28,FGS_B,SOUTHGATE SGTE1,31.1,NA,Results,Technicianm
448999,2018-11-28,FGS_B,SOUTHGATE SGTE1,19,SVD,Results,Technicianm
448999,2018-11-28,FGS_B,SOUTHGATE SGTE1,31.6,NA,Results,Technicianm
449281,2018-11-29,FGS_B,9572 OUTLET,0.905172413793101,NA,Results,Technicianm
457517,2019-01-14,FGS_R,708 OUTLET,1.78770949720671,NA,Results,Technicianm
457503,2019-01-15,FGS_R,703 OUTLET,-0.255102040816327,SVD,Results,Technicianm
457502,2019-01-15,FGS_R,819 OUTLET,0.647058823529417,NA,Results,Technicianm
457502,2019-01-15,FGS_R,819 OUTLET,NA,BDL,Results,Technicianm
457502,2019-01-15,FGS_R,819 OUTLET,NA,BDL,Results,Technicianm
457502,2019-01-15,FGS_R,819 OUTLET,0.658682634730544,NA,Results,Technicianm
457502,2019-01-15,FGS_R,819 OUTLET,NA,BDL,Results,Technicianm
457502,2019-01-15,FGS_R,819 OUTLET,-0.431654676258999,SVD,Results,Technicianm
457510,2019-01-15,FGS_R,20771K OUTLET,0.539215686274507,NA,Results,Technicianm
457509,2019-01-15,FGS_R,WANNOCK WR02,NA,BDL,Results,Technicianm
457509,2019-01-15,FGS_R,WANNOCK WR02,1.63333333333334,NA,Results,Technicianm
457509,2019-01-15,FGS_R,WANNOCK WR02,NA,BDL,Results,Technicianm
457509,2019-01-15,FGS_R,WANNOCK WR02,1.5547703180212,NA,Results,Technicianm
457509,2019-01-15,FGS_R,WANNOCK WR02,NA,BDL,Results,Technicianm
457509,2019-01-15,FGS_R,WANNOCK WR02,1.75373134328358,NA,Results,Technicianm
457511,2019-01-15,FGS_R,20771C OUTLET,0.650406504065038,NA,Results,Technicianm
460108,2019-01-28,FGS_B,HOMATHKO HOMA1,5.47,SVC,Results,Technicianm
460108,2019-01-28,FGS_B,HOMATHKO HOMA1,8.7,SVC,Results,Technicianm
460115,2019-01-28,FGS_B,BEAR BEAR1,0.244999999999997,NA,Results,Technicianm
460115,2019-01-28,FGS_B,BEAR BEAR1,NA,BDL,Results,Technicianm
460108,2019-01-28,FGS_B,HOMATHKO HOMA1,8.8,SVC,Results,Technicianm
460108,2019-01-28,FGS_B,HOMATHKO HOMA1,3.8,SVC,Results,Technicianm
460111,2019-01-28,FGS_B,SOUTHGATE SGTE1,1.635,NA,Results,Technicianm
460111,2019-01-28,FGS_B,SOUTHGATE SGTE1,NA,BDL,Results,Technicianm
460111,2019-01-28,FGS_B,SOUTHGATE SGTE1,NA,BDL,Results,Technicianm
460111,2019-01-28,FGS_B,SOUTHGATE SGTE1,2.11162790697674,NA,Results,Technicianm
460111,2019-01-28,FGS_B,SOUTHGATE SGTE1,NA,BDL,Results,Technicianm
460111,2019-01-28,FGS_B,SOUTHGATE SGTE1,1.63809523809524,NA,Results,Technicianm
460108,2019-01-28,FGS_B,HOMATHKO HOMA1,3.94615384615384,NA,Results,Technicianm
460108,2019-01-28,FGS_B,HOMATHKO HOMA1,12.4,NA,Results,Technicianm
460084,2019-01-29,FGS_B,PARADISE PDSE1,0.299999999999997,NA,Results,Technicianm
460084,2019-01-29,FGS_B,PARADISE PDSE1,NA,BDL,Results,Technicianm
460084,2019-01-29,FGS_B,PARADISE PDSE1,0.377142857142863,NA,Results,Technicianm
460084,2019-01-29,FGS_B,PARADISE PDSE1,NA,BDL,Results,Technicianm
460084,2019-01-29,FGS_B,PARADISE PDSE1,0.340659340659343,NA,Results,Technicianm
460084,2019-01-29,FGS_B,PARADISE PDSE1,NA,BDL,Results,Technicianm
460083,2019-01-29,FGS_B,4791 TOWER2,0.622727272727275,NA,Results,Technicianm
460091,2019-01-30,FGS_B,9572 OUTLET,1.40000000000001,NA,Results,Technicianm
460094,2019-01-30,FGS_B,8405 OUTLET,0.518749999999999,NA,Results,Technicianm
460118,2019-01-31,FGS_B,HYACINTHE HYAC1,0.348387096774198,NA,Results,Technicianm
460118,2019-01-31,FGS_B,HYACINTHE HYAC1,NA,BDL,Results,Technicianm
460118,2019-01-31,FGS_B,HYACINTHE HYAC1,NA,BDL,Results,Technicianm
460118,2019-01-31,FGS_B,HYACINTHE HYAC1,0.393548387096774,NA,Results,Technicianm
460118,2019-01-31,FGS_B,HYACINTHE HYAC1,NA,BDL,Results,Technicianm
460118,2019-01-31,FGS_B,HYACINTHE HYAC1,0.32258064516129,NA,Results,Technicianm
502532,2019-02-06,FGS_KN,5299 TUNA1,NA,BDL,Results,Technicianm
472415,2019-02-17,"FGS,FGS_R",703 OUTLET,0.0952380952380966,NA,Results,Technicianm
472418,2019-02-17,"FGS,FGS_R",819 OUTLET,NA,BDL,Results,Technicianm
472418,2019-02-17,"FGS,FGS_R",819 OUTLET,0,NA,Results,Technicianm
472418,2019-02-17,"FGS,FGS_R",819 OUTLET,0.17777777777778,NA,Results,Technicianm
472418,2019-02-17,"FGS,FGS_R",819 OUTLET,NA,BDL,Results,Technicianm
472418,2019-02-17,"FGS,FGS_R",819 OUTLET,0.266666666666664,NA,Results,Technicianm
472418,2019-02-17,"FGS,FGS_R",819 OUTLET,NA,BDL,Results,Technicianm
472417,2019-02-17,"FGS_R,FGS",708 OUTLET,0.432432432432431,NA,Results,Technicianm
471556,2019-02-18,FGS_R,WANNOCK WR02,NA,BDL,Results,Technicianm
471556,2019-02-18,FGS_R,WANNOCK WR02,0.900000000000002,SVC,Results,Technicianm
471556,2019-02-18,FGS_R,WANNOCK WR02,NA,BDL,Results,Technicianm
471556,2019-02-18,FGS_R,WANNOCK WR02,1.05128205128205,SVC,Results,Technicianm
471556,2019-02-18,FGS_R,WANNOCK WR02,0.900000000000002,SVC,Results,Technicianm
471556,2019-02-18,FGS_R,WANNOCK WR02,NA,BDL,Results,Technicianm
473842,2019-02-21,FGS_Y,KOEYE KR01,0.399999999999996,NA,Results,Technicianm
474861,2019-02-25,FGS_B,HYACINTHE HYAC1,0.761904761904766,NA,Results,Technicianm
474861,2019-02-25,FGS_B,HYACINTHE HYAC1,NA,BDL,Results,Technicianm
474861,2019-02-25,FGS_B,HYACINTHE HYAC1,NA,BDL,Results,Technicianm
474861,2019-02-25,FGS_B,HYACINTHE HYAC1,0.549999999999997,NA,Results,Technicianm
474861,2019-02-25,FGS_B,HYACINTHE HYAC1,0.880000000000003,NA,Results,Technicianm
474861,2019-02-25,FGS_B,HYACINTHE HYAC1,NA,BDL,Results,Technicianm
475981,2019-02-26,FGS_B,8405 OUTLET,0.46315789473684,NA,Results,Technicianm
475978,2019-02-26,FGS_B,9572 OUTLET,0.721649484536078,NA,Results,Technicianm
504767,2019-03-25,FGS_B,9572 OUTLET,0.519999999999996,NA,Results,Technicianm
504268,2019-03-26,FGS_B,PARADISE PDSE1,1.42666666666667,NA,Results,Technicianm
504269,2019-03-26,FGS_B,4791 TOWER2,1.61869158878505,SVC,Results,Technicianm
504556,2019-03-27,FGS_B,HYACINTHE HYAC1,0.431999999999999,NA,Results,Technicianm
504556,2019-03-27,FGS_B,HYACINTHE HYAC1,NA,BDL,Results,Technicianm
504556,2019-03-27,FGS_B,HYACINTHE HYAC1,NA,BDL,Results,Technicianm
504556,2019-03-27,FGS_B,HYACINTHE HYAC1,0.412,NA,Results,Technicianm
504556,2019-03-27,FGS_B,HYACINTHE HYAC1,0.556,NA,Results,Technicianm
504555,2019-03-27,FGS_B,8405 OUTLET,1.01025641025641,SVC,Results,Technicianm
504562,2019-03-28,FGS_B,SOUTHGATE SGTE1,2.56888888888888,SVC,Results,Technicianm
504562,2019-03-28,FGS_B,SOUTHGATE SGTE1,NA,BDL,Results,Technicianm
504562,2019-03-28,FGS_B,SOUTHGATE SGTE1,NA,BDL,Results,Technicianm
504562,2019-03-28,FGS_B,SOUTHGATE SGTE1,3.13500000000001,SVC,Results,Technicianm
504567,2019-03-28,FGS_B,BEAR BEAR1,0.624060150375939,NA,Results,Technicianm
504562,2019-03-28,FGS_B,SOUTHGATE SGTE1,2.835,SVC,Results,Technicianm
504562,2019-03-28,FGS_B,SOUTHGATE SGTE1,NA,BDL,Results,Technicianm
504559,2019-03-28,FGS_B,HOMATHKO HOMA1,4.7,NA,Results,Technicianm
504559,2019-03-28,FGS_B,HOMATHKO HOMA1,8.06363636363637,SVC,Results,Technicianm
504559,2019-03-28,FGS_B,HOMATHKO HOMA1,8,NA,Results,Technicianm
504559,2019-03-28,FGS_B,HOMATHKO HOMA1,6.94615384615385,SVC,Results,Technicianm
504559,2019-03-28,FGS_B,HOMATHKO HOMA1,6.58333333333334,SVC,Results,Technicianm
504559,2019-03-28,FGS_B,HOMATHKO HOMA1,5.8,NA,Results,Technicianm
509142,2019-04-17,FGS_KN,5322 FULL1,10.6827231232399,NA,Results,Technicianm
510916,2019-05-01,FGS_R,WANNOCK WR02,NA,BDL,Results,Technicianm
510916,2019-05-01,FGS_R,WANNOCK WR02,0.885906040268456,NA,Results,Technicianm
510916,2019-05-01,FGS_R,WANNOCK WR02,NA,BDL,Results,Technicianm
510916,2019-05-01,FGS_R,WANNOCK WR02,0.78549848942598,NA,Results,Technicianm
510916,2019-05-01,FGS_R,WANNOCK WR02,0.733137829912023,NA,Results,Technicianm
510924,2019-05-02,FGS_Y,KOEYE KR01,0.280701754385969,NA,Results,Technicianm
511120,2019-05-04,FGS_R,703 OUTLET,0,NA,Results,Technicianm
511122,2019-05-04,FGS_R,708 OUTLET,0.239999999999998,NA,Results,Technicianm
511121,2019-05-04,FGS_R,819 OUTLET,0,NA,Results,Technicianm
512832,2019-05-05,FGS_KN,5559 GLEN1,NA,BDL,Results,Technicianm
512787,2019-05-16,FGS_B,HOMATHKO HOMA1,41.0204081632653,NA,Results,Technicianm
512787,2019-05-16,FGS_B,HOMATHKO HOMA1,61.4895140543213,NA,Results,Technicianm
512787,2019-05-16,FGS_B,HOMATHKO HOMA1,43.08,NA,Results,Technicianm
512787,2019-05-16,FGS_B,HOMATHKO HOMA1,69.5721867094862,NA,Results,Technicianm
512787,2019-05-16,FGS_B,HOMATHKO HOMA1,40.06,NA,Results,Technicianm
512787,2019-05-16,FGS_B,HOMATHKO HOMA1,69.6494589165703,NA,Results,Technicianm
526681,2019-06-19,FGS_R,WANNOCK WR02,1.85714285714285,NA,Results,Technicianm
526681,2019-06-19,FGS_R,WANNOCK WR02,NA,BDL,Results,Technicianm
526681,2019-06-19,FGS_R,WANNOCK WR02,4.9,NA,Results,Technicianm
526681,2019-06-19,FGS_R,WANNOCK WR02,2.4,NA,Results,Technicianm
526681,2019-06-19,FGS_R,WANNOCK WR02,NA,BDL,Results,Technicianm
526681,2019-06-19,FGS_R,WANNOCK WR02,2.2857142857143,NA,Results,Technicianm
523787,2019-06-25,FGS_B,PARADISE PDSE1,0.680000000000007,NA,Results,Technicianm
523779,2019-06-25,FGS_B,HOMATHKO HOMA1,44.3,NA,Results,Technicianm
523783,2019-06-25,FGS_B,HOMATHKO HOMA3,36.42,NA,Results,Technicianm
523779,2019-06-25,FGS_B,HOMATHKO HOMA1,31.46,NA,Results,Technicianm
523779,2019-06-25,FGS_B,HOMATHKO HOMA1,35.04,NA,Results,Technicianm
523782,2019-06-25,FGS_B,SOUTHGATE SGTE3,25.08,NA,Results,Technicianm
523786,2019-06-25,FGS_B,4791 TRIB1DS,0.306666666666672,NA,Results,Technicianm
523784,2019-06-25,FGS_B,4791 TOWER2,2.33333333333333,NA,Results,Technicianm
523788,2019-06-25,FGS_B,5005 OUTLET,0.509999999999998,NA,Results,Technicianm
523802,2019-06-26,FGS_KN,5722 OUTLET,5.88666666666667,NA,Results,Technicianm
523804,2019-06-26,FGS_KN,5850 OUTLET,1.17999999999999,NA,Results,Technicianm
523799,2019-06-26,FGS_KN,5688 OUTLET,295.64,NA,Results,Technicianm
523799,2019-06-26,FGS_KN,5688 OUTLET,287.76,NA,Results,Technicianm
523799,2019-06-26,FGS_KN,5688 OUTLET,280.95,NA,Results,Technicianm
523796,2019-06-26,FGS_KN,5693 GAUGINGSTATION,76.32,NA,Results,Technicianm
523796,2019-06-26,FGS_KN,5693 GAUGINGSTATION,78.24,NA,Results,Technicianm
523796,2019-06-26,FGS_KN,5693 GAUGINGSTATION,84.5600000000001,NA,Results,Technicianm
523803,2019-06-26,FGS_KN,5819 OUTLET,0.347593582887704,NA,Results,Technicianm
523795,2019-06-26,FGS_KN,5559 GLEN2,1.79999999999998,NA,Results,Technicianm
523805,2019-06-26,FGS_KN,5881 LULL1,0.939393939393946,NA,Results,Technicianm
525180,2019-07-16,FGS_B,HOMATHKO HOMA1,62.66,NA,Results,Technicianm
525180,2019-07-16,FGS_B,HOMATHKO HOMA1,92.910262766485,NA,Results,Technicianm
525180,2019-07-16,FGS_B,HOMATHKO HOMA1,93.6891312816518,NA,Results,Technicianm
525180,2019-07-16,FGS_B,HOMATHKO HOMA1,55.34,NA,Results,Technicianm
525180,2019-07-16,FGS_B,HOMATHKO HOMA1,101.412066752246,NA,Results,Technicianm
525180,2019-07-16,FGS_B,HOMATHKO HOMA1,56.82,NA,Results,Technicianm
526065,2019-07-22,FGS_R,WANNOCK WR02,8.42105263157894,NA,Results,Technicianm
526065,2019-07-22,FGS_R,WANNOCK WR02,6.37931034482759,NA,Results,Technicianm
526065,2019-07-22,FGS_R,WANNOCK WR02,8.10344827586207,NA,Results,Technicianm
526675,2019-07-24,FGS,703 OUTLET,0.533333333333322,NA,Results,Technicianm
526676,2019-07-24,FGS,819 OUTLET,0.369515011547343,NA,Results,Technicianm
526677,2019-07-24,FGS,708 OUTLET,0.656934306569347,NA,Results,Technicianm
1595741,2019-08-16,FGS_R,WANNOCK WR02,12.6456692913386,NA,Results,Technicianm
1595741,2019-08-16,FGS_R,WANNOCK WR02,12.5968992248062,NA,Results,Technicianm
1595741,2019-08-16,FGS_R,WANNOCK WR02,12.1811023622047,NA,Results,Technicianm
1595735,2019-08-17,FGS_R,703 OUTLET,1.56,NA,Results,Technicianm
1595736,2019-08-17,FGS_R,819 OUTLET,3.59375,NA,Results,Technicianm
1595737,2019-08-17,FGS_R,708 OUTLET,3.86666666666667,NA,Results,Technicianm
1598374,2019-08-22,FGS_B,HOMATHKO HOMA1,221.052631578947,NA,Results,Technicianm
1598374,2019-08-22,FGS_B,HOMATHKO HOMA1,247.758425229311,NA,Results,Technicianm
1598374,2019-08-22,FGS_B,HOMATHKO HOMA1,218.628571428571,NA,Results,Technicianm
1598374,2019-08-22,FGS_B,HOMATHKO HOMA1,263.445645263827,NA,Results,Technicianm
1598374,2019-08-22,FGS_B,HOMATHKO HOMA1,219.28,NA,Results,Technicianm
1598374,2019-08-22,FGS_B,HOMATHKO HOMA1,262.729769702092,NA,Results,Technicianm
1608032,2019-09-10,FGS_R,819 OUTLET,0.159999999999991,NA,Results,Technicianm
1608033,2019-09-10,FGS_R,703 OUTLET,0.493827160493817,NA,Results,Technicianm
1608031,2019-09-10,FGS_R,708 OUTLET,2.3,NA,Results,Technicianm
1608037,2019-09-11,FGS_R,WANNOCK WR02,4.8,NA,Results,Technicianm
1608037,2019-09-11,FGS_R,WANNOCK WR02,5.23529411764706,NA,Results,Technicianm
1608037,2019-09-11,FGS_R,WANNOCK WR02,5.46666666666666,NA,Results,Technicianm
1611015,2019-09-19,FGS_B,HOMATHKO HOMA1,179.415384615385,NA,Results,Technicianm
1611015,2019-09-19,FGS_B,HOMATHKO HOMA1,41.6015625000002,NA,Results,Technicianm
1611015,2019-09-19,FGS_B,HOMATHKO HOMA1,35.3,NA,Results,Technicianm
1611015,2019-09-19,FGS_B,HOMATHKO HOMA1,NA,MV,Results,Technicianm
1611015,2019-09-19,FGS_B,HOMATHKO HOMA1,43.616101450668,NA,Results,Technicianm
1611015,2019-09-19,FGS_B,HOMATHKO HOMA1,21.5666666666667,NA,Results,Technicianm
1628242,2019-10-02,FGS,626 OUTLET,1.13207547169813,NA,Results,Raw
1628243,2019-10-02,FGS,703 OUTLET,-0.784313725490207,SVC,Results,Raw
1628244,2019-10-02,FGS,844 OUTLET,1.16504854368932,NA,Results,Raw
1628245,2019-10-02,FGS,1015 OUTLET,2.67605633802818,NA,Results,Raw
1628642,2019-10-10,FGS_B,HOMATHKO HOMA3,31.1698113207547,NA,Results,Technicianm
1628642,2019-10-10,FGS_B,HOMATHKO HOMA3,41.1955559925278,NA,Results,Technicianm
1628642,2019-10-10,FGS_B,HOMATHKO HOMA3,34.2931034482759,NA,Results,Technicianm
1628642,2019-10-10,FGS_B,HOMATHKO HOMA3,26.4462809917356,NA,Results,Technicianm
1628642,2019-10-10,FGS_B,HOMATHKO HOMA3,31.0505050505051,NA,Results,Technicianm
1628642,2019-10-10,FGS_B,HOMATHKO HOMA3,40.9345047923322,NA,Results,Technicianm
1636001,2019-10-18,FGS_B,HOMATHKO HOMA3,39.45,NA,Results,Technicianm
1636001,2019-10-18,FGS_B,HOMATHKO HOMA3,44.829199812822,NA,Results,Technicianm
1636001,2019-10-18,FGS_B,HOMATHKO HOMA3,43.611323641928,NA,Results,Technicianm
1636001,2019-10-18,FGS_B,HOMATHKO HOMA3,42.5333333333333,NA,Results,Technicianm
1636001,2019-10-18,FGS_B,HOMATHKO HOMA3,34.4,NA,Results,Technicianm
1636001,2019-10-18,FGS_B,HOMATHKO HOMA3,43.6564674482893,NA,Results,Technicianm
1638475,2019-11-07,FGS_B,HOMATHKO HOMA3,13.3466666666667,NA,Results,Technicianm
1638475,2019-11-07,FGS_B,HOMATHKO HOMA3,8.75690081858016,NA,Results,Technicianm
1638475,2019-11-07,FGS_B,HOMATHKO HOMA3,13.1866666666666,NA,Results,Technicianm
1638475,2019-11-07,FGS_B,HOMATHKO HOMA3,7.96657922860195,NA,Results,Technicianm
1638475,2019-11-07,FGS_B,HOMATHKO HOMA3,8.26607021297304,NA,Results,Technicianm
1638475,2019-11-07,FGS_B,HOMATHKO HOMA3,14.0133333333333,NA,Results,Technicianm
1663982,2019-11-27,FGS,703 OUTLET,0.199999999999998,NA,Results,Raw
1664040,2019-11-27,FGS,819 OUTLET,0.5,NA,Results,Raw
1663986,2019-11-27,FGS,1015 OUTLET,1.61111111111111,NA,Results,Raw
1665096,2019-12-05,FGS_B,HOMATHKO HOMA3,4,NA,Results,Technicianm
1665096,2019-12-05,FGS_B,HOMATHKO HOMA3,7.73,NA,Results,Technicianm
1665096,2019-12-05,FGS_B,HOMATHKO HOMA3,5,NA,Results,Technicianm
1665096,2019-12-05,FGS_B,HOMATHKO HOMA3,8.45999999999999,NA,Results,Technicianm
1665096,2019-12-05,FGS_B,HOMATHKO HOMA3,5.8,NA,Results,Technicianm
1665096,2019-12-05,FGS_B,HOMATHKO HOMA3,NA,NA,Results,Technicianm
2254137,2020-01-10,FGS,626 OUTLET,0.476190476190472,NA,Results,Raw
2254136,2020-01-10,FGS,703 OUTLET,0.950000000000003,NA,Results,Raw
2254135,2020-01-10,FGS,844 OUTLET,0.583333333333336,NA,Results,Raw
2254134,2020-01-10,FGS,1015 OUTLET,0.785714285714282,NA,Results,Raw
2825661,2020-01-21,FGS_B,HOMATHKO HOMA3,32.8989898989899,NA,Results,Technicianm
2825661,2020-01-21,FGS_B,HOMATHKO HOMA3,30.3368421052632,NA,Results,Technicianm
2825661,2020-01-21,FGS_B,HOMATHKO HOMA3,32.42,NA,Results,Technicianm
3402314,2020-02-08,FGS,626 OUTLET,0.444444444444443,NA,Results,Raw
3402315,2020-02-08,FGS,703 OUTLET,0.242424242424242,NA,Results,Raw
3402316,2020-02-08,FGS,844 OUTLET,0.185185185185185,NA,Results,Raw
3402317,2020-02-08,FGS,1015 OUTLET,0.849999999999994,NA,Results,Raw
3404057,2020-02-18,FGS_B,HOMATHKO HOMA3,3.01326259946949,NA,Results,Technicianm
3404057,2020-02-18,FGS_B,HOMATHKO HOMA3,51.0533333333333,SVD,Results,Technicianm
3404057,2020-02-18,FGS_B,HOMATHKO HOMA3,2.94857142857142,NA,Results,Technicianm
